Well,Omit,Sample,Target,Task,Dyes,Cq,Cq Conf,Amp Score,Amp Status,Annotated,Cq_mu,Cq_sd,cq_cv,Cq_relative,Baseline Start,Baseline End,Tm1,Tm2,Curve Quality,Result Quality Issues
A15,FALSE,1,Target 1,Unknown,SYBR,16.1057625,0.990515868,1.722136292,Amp,FALSE,16.2,0.1,0.6,1.36,3,9,78.48369598,,,
B15,FALSE,1,Target 1,Unknown,SYBR,16.18505709,0.991954485,1.728759671,Amp,FALSE,,,,,3,9,78.48369598,,,
C15,FALSE,1,Target 1,Unknown,SYBR,16.30018252,0.992577365,1.728551562,Amp,FALSE,,,,,3,9,78.48369598,,,
A17,FALSE,2,Target 1,Unknown,SYBR,13.46967422,0.989187698,1.72259768,Amp,FALSE,13.66,0.17,1.26,1.14,3,7,78.61846161,,,
B17,FALSE,2,Target 1,Unknown,SYBR,13.70434184,0.98763569,1.718996516,Amp,FALSE,,,,,3,8,78.61846161,,,
C17,FALSE,2,Target 1,Unknown,SYBR,13.80450964,0.989498037,1.730654576,Amp,FALSE,,,,,3,8,78.61846161,,,
A19,FALSE,3,Target 1,Unknown,SYBR,13.12306125,0.983003207,1.709616834,Amp,FALSE,13.13,0.08,0.62,1.1,3,7,78.61846161,,,
B19,FALSE,3,Target 1,Unknown,SYBR,13.0504038,0.97795412,1.712216056,Amp,FALSE,,,,,3,7,78.61846161,,,
C19,FALSE,3,Target 1,Unknown,SYBR,13.21396989,0.982562664,1.71664386,Amp,FALSE,,,,,3,7,78.61846161,,,
A21,FALSE,4,Target 1,Unknown,SYBR,12.78216197,0.965742342,1.661711379,Amp,FALSE,12.54,0.25,2.02,1.05,3,6,78.61846161,,,
B21,FALSE,4,Target 1,Unknown,SYBR,12.27663922,0.988910269,1.71190607,Amp,FALSE,,,,,3,7,78.75322723,,,
C21,FALSE,4,Target 1,Unknown,SYBR,12.55790028,0.974404857,1.700789567,Amp,FALSE,,,,,3,6,78.75322723,,,
A23,FALSE,5,Target 1,Unknown,SYBR,15.08297816,0.980384707,1.685679331,Amp,FALSE,15.08,0,0.03,1.26,3,9,78.61846161,,,
B23,FALSE,5,Target 1,Unknown,SYBR,15.08093569,0.989954657,1.706656551,Amp,FALSE,,,,,3,8,78.61846161,,,
C23,FALSE,5,Target 1,Unknown,SYBR,15.090039,0.9447372,1.702385525,Amp,FALSE,,,,,3,9,78.61846161,,,
A2,FALSE,6,Target 1,Unknown,SYBR,13.94702608,0.98123901,1.727194507,Amp,FALSE,13.87,0.17,1.19,1.16,3,8,78.61987305,,,
B2,FALSE,6,Target 1,Unknown,SYBR,13.68471797,0.981282957,1.721814212,Amp,FALSE,,,,,3,7,78.75460815,,,
C2,FALSE,6,Target 1,Unknown,SYBR,13.9902216,0.969687824,1.714670817,Amp,FALSE,,,,,3,7,78.61987305,,,
A4,FALSE,7,Target 1,Unknown,SYBR,12.57721373,0.986391449,1.7125163,Amp,FALSE,12.59,0.06,0.48,1.05,3,7,78.61987305,,,
B4,FALSE,7,Target 1,Unknown,SYBR,12.53655572,0.986984736,1.726446266,Amp,FALSE,,,,,3,7,78.61987305,,,
C4,FALSE,7,Target 1,Unknown,SYBR,12.65563681,0.981855015,1.727516164,Amp,FALSE,,,,,3,7,78.61987305,,,
A6,FALSE,8,Target 1,Unknown,SYBR,17.05770348,0.986450715,1.721238762,Amp,FALSE,17.11,0.17,0.99,1.43,3,10,78.61987305,,,
B6,FALSE,8,Target 1,Unknown,SYBR,17.30428242,0.983062529,1.725045445,Amp,FALSE,,,,,3,10,78.4851532,,,
C6,FALSE,8,Target 1,Unknown,SYBR,16.98181742,0.993867982,1.734705907,Amp,FALSE,,,,,3,10,78.61987305,,,
A8,FALSE,9,Target 1,Unknown,SYBR,13.30780072,0.981711709,1.714440371,Amp,FALSE,13.2,0.25,1.91,1.11,3,7,78.61987305,,,
B8,FALSE,9,Target 1,Unknown,SYBR,12.91174743,0.992267102,1.719142282,Amp,FALSE,,,,,3,7,78.75460815,,,
C8,FALSE,9,Target 1,Unknown,SYBR,13.3809669,0.986131142,1.720183553,Amp,FALSE,,,,,3,7,78.61987305,,,
A10,FALSE,10,Target 1,Unknown,SYBR,13.62708065,0.978955894,1.707567624,Amp,FALSE,13.5,0.19,1.42,1.13,3,7,78.61987305,,,
B10,FALSE,10,Target 1,Unknown,SYBR,13.58900625,0.990608704,1.717461758,Amp,FALSE,,,,,3,7,78.61987305,,,
C10,FALSE,10,Target 1,Unknown,SYBR,13.27763571,0.988442616,1.717742609,Amp,FALSE,,,,,3,7,78.61987305,,,
A12,FALSE,11,Target 1,Unknown,SYBR,17.40673619,0.988347809,1.69896929,Amp,FALSE,17.35,0.05,0.27,1.45,3,11,78.4851532,,,
B12,FALSE,11,Target 1,Unknown,SYBR,17.32156845,0.99215809,1.725368025,Amp,FALSE,,,,,3,11,78.35042572,,,
C12,FALSE,11,Target 1,Unknown,SYBR,17.3299126,0.991367839,1.728744894,Amp,FALSE,,,,,3,10,78.35042572,,,
A14,FALSE,12,Target 1,Unknown,SYBR,12.81417579,0.98391785,1.701155846,Amp,FALSE,12.65,0.15,1.15,1.06,3,7,78.48369598,,,
B14,FALSE,12,Target 1,Unknown,SYBR,12.60710087,0.97959006,1.700352986,Amp,FALSE,,,,,3,7,78.61846161,,,
C14,FALSE,12,Target 1,Unknown,SYBR,12.53306575,0.981450417,1.717768657,Amp,FALSE,,,,,3,7,78.48369598,,,
A16,FALSE,13,Target 1,Unknown,SYBR,12.98329134,0.981265431,1.715480035,Amp,FALSE,12.86,0.15,1.15,1.08,3,7,78.48369598,,,
B16,FALSE,13,Target 1,Unknown,SYBR,12.89325875,0.982558347,1.714410015,Amp,FALSE,,,,,3,7,78.48369598,,,
C16,FALSE,13,Target 1,Unknown,SYBR,12.69370003,0.99177687,1.724579839,Amp,FALSE,,,,,3,7,78.48369598,,,
A18,FALSE,14,Target 1,Unknown,SYBR,14.68479144,0.992384609,1.714228357,Amp,FALSE,14.66,0.1,0.71,1.23,3,8,78.34893036,,,
B18,FALSE,14,Target 1,Unknown,SYBR,14.54848516,0.990533516,1.722578984,Amp,FALSE,,,,,3,9,78.48369598,,,
C18,FALSE,14,Target 1,Unknown,SYBR,14.75415661,0.988485506,1.722577805,Amp,FALSE,,,,,3,8,78.34893036,,,
A20,FALSE,15,Target 1,Unknown,SYBR,16.10766673,0.988904592,1.722855024,Amp,FALSE,16.17,0.09,0.56,1.35,3,9,78.48369598,,,
B20,FALSE,15,Target 1,Unknown,SYBR,16.26864536,0.990804653,1.714011209,Amp,FALSE,,,,,3,9,78.48369598,,,
C20,FALSE,15,Target 1,Unknown,SYBR,16.11941322,0.990659027,1.723607734,Amp,FALSE,,,,,3,9,78.48369598,,,
A22,FALSE,16,Target 1,Unknown,SYBR,14.5018048,0.979234826,1.674865979,Amp,FALSE,14.28,0.3,2.09,1.2,3,9,78.61846161,,,
B22,FALSE,16,Target 1,Unknown,SYBR,14.40339976,0.992068424,1.683763893,Amp,FALSE,,,,,3,7,78.61846161,,,
C22,FALSE,16,Target 1,Unknown,SYBR,13.94269022,0.989097796,1.70981938,Amp,FALSE,,,,,3,9,78.61846161,,,
A24,FALSE,17,Target 1,Unknown,SYBR,12.41373906,0.985339797,1.698127118,Amp,FALSE,12.59,0.26,2.05,1.05,3,6,78.75322723,,,
B24,FALSE,17,Target 1,Unknown,SYBR,12.88670651,0.968901061,1.688727964,Amp,FALSE,,,,,3,6,78.75322723,,,
C24,FALSE,17,Target 1,Unknown,SYBR,12.46932771,0.964549452,1.701492995,Amp,FALSE,,,,,3,6,78.88799286,,,
D1,FALSE,18,Target 1,Unknown,SYBR,12.79835063,0.985957867,1.702246165,Amp,FALSE,13.1,0.3,2.31,1.1,3,7,78.889328,,,
E1,FALSE,18,Target 1,Unknown,SYBR,13.10779142,0.980806401,1.701282794,Amp,FALSE,,,,,3,7,78.75460815,,,
F1,FALSE,18,Target 1,Unknown,SYBR,13.40436833,0.987801039,1.693542647,Amp,FALSE,,,,,3,7,78.75460815,,,
D3,FALSE,19,Target 1,Unknown,SYBR,15.13661919,0.979347571,1.70019508,Amp,FALSE,14.8,0.33,2.2,1.24,3,9,78.61987305,,,
E3,FALSE,19,Target 1,Unknown,SYBR,14.48884858,0.99111239,1.720685244,Amp,FALSE,,,,,3,8,78.75460815,,,
F3,FALSE,19,Target 1,Unknown,SYBR,14.76441873,0.991566523,1.729949984,Amp,FALSE,,,,,3,8,78.75460815,,,
D5,FALSE,20,Target 1,Unknown,SYBR,12.99900441,0.99153863,1.718089299,Amp,FALSE,13.04,0.13,0.98,1.09,3,7,78.75460815,,,
E5,FALSE,20,Target 1,Unknown,SYBR,12.94500172,0.992050894,1.720351826,Amp,FALSE,,,,,3,7,78.61987305,,,
F5,FALSE,20,Target 1,Unknown,SYBR,13.18729035,0.98631135,1.713251342,Amp,FALSE,,,,,3,7,78.75460815,,,
D7,FALSE,21,Target 1,Unknown,SYBR,12.1432725,0.989285102,1.713423172,Amp,FALSE,12.71,0.86,6.81,1.06,3,6,78.75460815,,,
E7,FALSE,21,Target 1,Unknown,SYBR,12.27186275,0.979849549,1.720957589,Amp,FALSE,,,,,3,6,78.75460815,,,
F7,FALSE,21,Target 1,Unknown,SYBR,13.70132352,0.990849564,1.711820858,Amp,FALSE,,,,,3,8,78.4851532,,,
D9,FALSE,22,Target 1,Unknown,SYBR,12.54841661,0.991661159,1.721655884,Amp,FALSE,12.92,0.32,2.5,1.08,3,7,78.75460815,,,
E9,FALSE,22,Target 1,Unknown,SYBR,13.1575965,0.984240877,1.717001904,Amp,FALSE,,,,,3,7,78.61987305,,,
F9,FALSE,22,Target 1,Unknown,SYBR,13.04106859,0.981755545,1.716071963,Amp,FALSE,,,,,3,7,78.61987305,,,
D11,FALSE,23,Target 1,Unknown,SYBR,13.2567852,0.990405287,1.721168381,Amp,FALSE,13.13,0.13,1.02,1.1,3,7,78.61987305,,,
E11,FALSE,23,Target 1,Unknown,SYBR,13.13542214,0.989439401,1.711153991,Amp,FALSE,,,,,3,7,78.61987305,,,
F11,FALSE,23,Target 1,Unknown,SYBR,12.9903592,0.986727532,1.730708637,Amp,FALSE,,,,,3,7,78.75460815,,,
D13,FALSE,24,Target 1,Unknown,SYBR,11.30198466,0.987402071,1.706796146,Amp,FALSE,11.94,0.57,4.73,1,3,6,78.88799286,,,
E13,FALSE,24,Target 1,Unknown,SYBR,12.16618623,0.98680426,1.71836006,Amp,FALSE,,,,,3,6,78.61846161,,,
F13,FALSE,24,Target 1,Unknown,SYBR,12.36502695,0.98897401,1.721578174,Amp,FALSE,,,,,3,7,78.61846161,,,
D15,FALSE,25,Target 1,Unknown,SYBR,12.58835361,0.989397306,1.7192797,Amp,FALSE,12.81,0.2,1.55,1.07,3,7,78.61846161,,,
E15,FALSE,25,Target 1,Unknown,SYBR,12.85160642,0.9867347,1.719081365,Amp,FALSE,,,,,3,6,78.48369598,,,
F15,FALSE,25,Target 1,Unknown,SYBR,12.97766255,0.983283455,1.718578912,Amp,FALSE,,,,,3,6,78.61846161,,,
D17,FALSE,26,Target 1,Unknown,SYBR,11.70064712,0.979721778,1.718101739,Amp,FALSE,12.28,0.54,4.39,1.03,3,6,78.88799286,,,
E17,FALSE,26,Target 1,Unknown,SYBR,12.38986735,0.982413813,1.714578194,Amp,FALSE,,,,,3,6,78.61846161,,,
F17,FALSE,26,Target 1,Unknown,SYBR,12.76273624,0.981795236,1.71655028,Amp,FALSE,,,,,3,6,78.61846161,,,
D19,FALSE,27,Target 1,Unknown,SYBR,12.9223039,0.977368515,1.698810737,Amp,FALSE,12.75,0.16,1.23,1.07,3,7,78.61846161,,,
E19,FALSE,27,Target 1,Unknown,SYBR,12.69187732,0.987270052,1.712196922,Amp,FALSE,,,,,3,7,78.61846161,,,
F19,FALSE,27,Target 1,Unknown,SYBR,12.62215519,0.989125702,1.728402404,Amp,FALSE,,,,,3,7,78.75322723,,,
D21,FALSE,28,Target 1,Unknown,SYBR,12.36646007,0.971995608,1.696375202,Amp,FALSE,12.67,0.27,2.1,1.06,3,6,78.75322723,,,
E21,FALSE,28,Target 1,Unknown,SYBR,12.84384201,0.982688084,1.711994076,Amp,FALSE,,,,,3,8,78.61846161,,,
F21,FALSE,28,Target 1,Unknown,SYBR,12.80948318,0.984966177,1.711050002,Amp,FALSE,,,,,3,6,78.75322723,,,
D23,FALSE,29,Target 1,Unknown,SYBR,13.22847767,0.968977186,1.712180204,Amp,FALSE,13.47,0.21,1.58,1.13,3,7,78.75322723,,,
E23,FALSE,29,Target 1,Unknown,SYBR,13.62782303,0.975881023,1.685782209,Amp,FALSE,,,,,3,9,78.61846161,,,
F23,FALSE,29,Target 1,Unknown,SYBR,13.55263768,0.970217682,1.701048905,Amp,FALSE,,,,,3,7,78.75322723,,,
D2,FALSE,30,Target 1,Unknown,SYBR,11.70155974,0.989728019,1.709157127,Amp,FALSE,12.08,0.36,2.97,1.01,3,6,78.889328,,,
E2,FALSE,30,Target 1,Unknown,SYBR,12.13819275,0.985011294,1.698606603,Amp,FALSE,,,,,3,6,78.889328,,,
F2,FALSE,30,Target 1,Unknown,SYBR,12.41283065,0.985056368,1.706128672,Amp,FALSE,,,,,3,6,78.75460815,,,
D4,FALSE,31,Target 1,Unknown,SYBR,11.67072334,0.965759055,1.709880657,Amp,FALSE,12.16,0.43,3.5,1.02,3,6,79.02405548,,,
E4,FALSE,31,Target 1,Unknown,SYBR,12.35871962,0.977473112,1.702920456,Amp,FALSE,,,,,3,7,78.75460815,,,
F4,FALSE,31,Target 1,Unknown,SYBR,12.44941607,0.988062066,1.697751525,Amp,FALSE,,,,,3,6,78.75460815,,,
D6,FALSE,32,Target 1,Unknown,SYBR,11.99929241,0.992731727,1.716894454,Amp,FALSE,12.34,0.3,2.42,1.03,3,6,78.889328,,,
E6,FALSE,32,Target 1,Unknown,SYBR,12.53105776,0.985462489,1.718337625,Amp,FALSE,,,,,3,7,78.75460815,,,
F6,FALSE,32,Target 1,Unknown,SYBR,12.5021916,0.98299804,1.716422083,Amp,FALSE,,,,,3,7,78.75460815,,,
D8,FALSE,33,Target 1,Unknown,SYBR,11.59265881,0.991107246,1.715119461,Amp,FALSE,12.01,0.36,2.98,1.01,3,6,78.889328,,,
E8,FALSE,33,Target 1,Unknown,SYBR,12.20875019,0.982119259,1.717606847,Amp,FALSE,,,,,3,6,78.61987305,,,
F8,FALSE,33,Target 1,Unknown,SYBR,12.21472625,0.987202701,1.717298739,Amp,FALSE,,,,,3,7,78.75460815,,,
D10,FALSE,34,Target 1,Unknown,SYBR,12.56863366,0.9927707,1.722404799,Amp,FALSE,12.79,0.21,1.64,1.07,3,7,78.61987305,,,
E10,FALSE,34,Target 1,Unknown,SYBR,12.98378368,0.99163362,1.693232478,Amp,FALSE,,,,,3,7,78.61987305,,,
F10,FALSE,34,Target 1,Unknown,SYBR,12.82701269,0.990848592,1.720488105,Amp,FALSE,,,,,3,6,78.61987305,,,
D12,FALSE,35,Target 1,Unknown,SYBR,12.1063152,0.981413786,1.720325992,Amp,FALSE,12.66,0.5,3.95,1.06,3,6,78.61987305,,,
E12,FALSE,35,Target 1,Unknown,SYBR,13.07284044,0.986760408,1.719042088,Amp,FALSE,,,,,3,7,78.4851532,,,
F12,FALSE,35,Target 1,Unknown,SYBR,12.81417211,0.98684693,1.720663291,Amp,FALSE,,,,,3,6,78.61987305,,,
D14,FALSE,36,Target 1,Unknown,SYBR,12.02031939,0.982126539,1.719264225,Amp,FALSE,12.55,0.48,3.8,1.05,3,6,78.75322723,,,
E14,FALSE,36,Target 1,Unknown,SYBR,12.68578317,0.988465828,1.721320217,Amp,FALSE,,,,,3,7,78.48369598,,,
F14,FALSE,36,Target 1,Unknown,SYBR,12.94487145,0.987865179,1.725121492,Amp,FALSE,,,,,3,7,78.48369598,,,
D16,FALSE,37,Target 1,Unknown,SYBR,12.00415521,0.981440592,1.726317756,Amp,FALSE,12.6,0.52,4.12,1.06,3,6,78.75322723,,,
E16,FALSE,37,Target 1,Unknown,SYBR,12.86580297,0.977751821,1.726577297,Amp,FALSE,,,,,3,7,78.61846161,,,
F16,FALSE,37,Target 1,Unknown,SYBR,12.93844059,0.981149018,1.730935416,Amp,FALSE,,,,,3,6,78.48369598,,,
D18,FALSE,38,Target 1,Unknown,SYBR,11.50281988,0.983307091,1.715226804,Amp,FALSE,12.11,0.54,4.47,1.01,3,6,78.88799286,,,
E18,FALSE,38,Target 1,Unknown,SYBR,12.29860254,0.985586949,1.713730363,Amp,FALSE,,,,,3,7,78.61846161,,,
F18,FALSE,38,Target 1,Unknown,SYBR,12.536834,0.946039958,1.696752699,Amp,FALSE,,,,,3,6,78.61846161,,,
D20,FALSE,39,Target 1,Unknown,SYBR,12.53970791,0.986969388,1.713402245,Amp,FALSE,12.84,0.26,2.05,1.08,3,6,78.75322723,,,
E20,FALSE,39,Target 1,Unknown,SYBR,13.00593401,0.98345828,1.715778505,Amp,FALSE,,,,,3,7,78.61846161,,,
F20,FALSE,39,Target 1,Unknown,SYBR,12.98266703,0.990526318,1.721439216,Amp,FALSE,,,,,3,7,78.75322723,,,
D22,FALSE,40,Target 1,Unknown,SYBR,12.76116611,0.976094808,1.699350009,Amp,FALSE,13.06,0.27,2.07,1.09,3,7,78.88799286,,,
E22,FALSE,40,Target 1,Unknown,SYBR,13.28993828,0.974014789,1.706204269,Amp,FALSE,,,,,3,7,78.75322723,,,
F22,FALSE,40,Target 1,Unknown,SYBR,13.12409261,0.987119462,1.71293686,Amp,FALSE,,,,,3,7,78.75322723,,,
D24,FALSE,41,Target 1,Unknown,SYBR,12.30906676,0.968350078,1.706822373,Amp,FALSE,12.74,0.4,3.11,1.07,3,6,78.88799286,,,
E24,FALSE,41,Target 1,Unknown,SYBR,13.08856697,0.979007717,1.707182412,Amp,FALSE,,,,,3,7,78.75322723,,,
F24,FALSE,41,Target 1,Unknown,SYBR,12.82006838,0.978003639,1.70692018,Amp,FALSE,,,,,3,6,78.88799286,,,
G1,FALSE,42,Target 1,Unknown,SYBR,12.77707042,0.989560472,1.707175812,Amp,FALSE,13.14,0.32,2.46,1.1,3,7,78.75460815,,,
H1,FALSE,42,Target 1,Unknown,SYBR,13.38564963,0.970712545,1.655274095,Amp,FALSE,,,,,3,6,78.75460815,,,
I1,FALSE,42,Target 1,Unknown,SYBR,13.26799929,0.980134693,1.706763064,Amp,FALSE,,,,,3,7,78.75460815,,,
G3,FALSE,43,Target 1,Unknown,SYBR,12.01577677,0.985228122,1.701566049,Amp,FALSE,12.39,0.37,3.02,1.04,3,6,78.889328,,,
H3,FALSE,43,Target 1,Unknown,SYBR,12.38544669,0.987283251,1.719222198,Amp,FALSE,,,,,3,7,78.889328,,,
I3,FALSE,43,Target 1,Unknown,SYBR,12.76455058,0.988523752,1.707238198,Amp,FALSE,,,,,3,7,78.75460815,,,
G5,FALSE,44,Target 1,Unknown,SYBR,12.44600662,0.980702537,1.71656489,Amp,FALSE,12.89,0.38,2.96,1.08,3,7,78.75460815,,,
H5,FALSE,44,Target 1,Unknown,SYBR,13.10625682,0.984038624,1.714478484,Amp,FALSE,,,,,3,8,78.75460815,,,
I5,FALSE,44,Target 1,Unknown,SYBR,13.1058964,0.980780759,1.701163749,Amp,FALSE,,,,,3,7,78.61987305,,,
G7,FALSE,45,Target 1,Unknown,SYBR,12.23436095,0.992255131,1.7125701,Amp,FALSE,12.64,0.36,2.82,1.06,3,8,78.889328,,,
H7,FALSE,45,Target 1,Unknown,SYBR,12.79900194,0.972857508,1.702496822,Amp,FALSE,,,,,3,8,78.75460815,,,
I7,FALSE,45,Target 1,Unknown,SYBR,12.89330861,0.980785922,1.71607625,Amp,FALSE,,,,,3,8,78.75460815,,,
G9,FALSE,46,Target 1,Unknown,SYBR,12.64318009,0.977090359,1.717537371,Amp,FALSE,12.97,0.34,2.63,1.09,3,8,78.889328,,,
H9,FALSE,46,Target 1,Unknown,SYBR,12.94715058,0.973237554,1.718867375,Amp,FALSE,,,,,3,7,78.61987305,,,
I9,FALSE,46,Target 1,Unknown,SYBR,13.32474161,0.986911555,1.719910056,Amp,FALSE,,,,,3,8,78.61987305,,,
G11,FALSE,47,Target 1,Unknown,SYBR,12.9411087,0.988598512,1.723796798,Amp,FALSE,13.18,0.23,1.77,1.1,3,8,78.75460815,,,
H11,FALSE,47,Target 1,Unknown,SYBR,13.40641791,0.991095002,1.71998484,Amp,FALSE,,,,,3,8,78.61987305,,,
I11,FALSE,47,Target 1,Unknown,SYBR,13.18754074,0.972669447,1.720136322,Amp,FALSE,,,,,3,8,78.75460815,,,
G13,FALSE,48,Target 1,Unknown,SYBR,12.5674677,0.981769129,1.71326983,Amp,FALSE,12.75,0.27,2.09,1.07,3,8,78.75322723,,,
H13,FALSE,48,Target 1,Unknown,SYBR,12.62193529,0.986802223,1.721727207,Amp,FALSE,,,,,3,7,78.75322723,,,
I13,FALSE,48,Target 1,Unknown,SYBR,13.05313802,0.98162225,1.697889127,Amp,FALSE,,,,,3,7,78.61846161,,,
G15,FALSE,49,Target 1,Unknown,SYBR,12.81895405,0.980350686,1.722374243,Amp,FALSE,13.19,0.32,2.43,1.1,3,8,78.75322723,,,
H15,FALSE,49,Target 1,Unknown,SYBR,13.35625826,0.98760647,1.721537181,Amp,FALSE,,,,,3,7,78.48369598,,,
I15,FALSE,49,Target 1,Unknown,SYBR,13.39020626,0.970155948,1.727093613,Amp,FALSE,,,,,3,8,78.61846161,,,
G17,FALSE,50,Target 1,Unknown,SYBR,12.7760176,0.986125309,1.723984442,Amp,FALSE,12.93,0.52,4.05,1.08,3,8,78.75322723,,,
H17,FALSE,50,Target 1,Unknown,SYBR,12.49505505,0.989540693,1.742850177,Amp,FALSE,,,,,3,7,78.61846161,,,
I17,FALSE,50,Target 1,Unknown,SYBR,13.50975724,0.979216215,1.717643648,Amp,FALSE,,,,,3,8,78.48369598,,,
G19,FALSE,51,Target 1,Unknown,SYBR,13.06578335,0.986919864,1.718028096,Amp,FALSE,13.51,0.43,3.19,1.13,3,7,78.88799286,,,
H19,FALSE,51,Target 1,Unknown,SYBR,13.54559173,0.98842852,1.719469769,Amp,FALSE,,,,,3,8,78.75322723,,,
I19,FALSE,51,Target 1,Unknown,SYBR,13.92574279,0.985396487,1.718807118,Amp,FALSE,,,,,3,8,78.61846161,,,
G21,FALSE,52,Target 1,Unknown,SYBR,14.10052089,0.974824775,1.716361297,Amp,FALSE,14.44,0.33,2.29,1.21,3,8,78.75322723,,,
H21,FALSE,52,Target 1,Unknown,SYBR,14.46675848,0.989873412,1.706947799,Amp,FALSE,,,,,3,8,78.75322723,,,
I21,FALSE,52,Target 1,Unknown,SYBR,14.75998827,0.973874141,1.679213856,Amp,FALSE,,,,,3,9,78.75322723,,,
G23,FALSE,53,Target 1,Unknown,SYBR,14.11369282,0.990599824,1.718641606,Amp,FALSE,14.38,0.24,1.64,1.20,3,9,78.75322723,,,
H23,FALSE,53,Target 1,Unknown,SYBR,14.47156166,0.986561543,1.708505176,Amp,FALSE,,,,,3,8,78.75322723,,,
I23,FALSE,53,Target 1,Unknown,SYBR,14.56052619,0.992290849,1.706427291,Amp,FALSE,,,,,3,10,78.61846161,,,
G2,FALSE,54,Target 1,Unknown,SYBR,13.17713383,0.98159055,1.708103538,Amp,FALSE,12.93,0.28,2.16,1.08,3,7,78.75460815,,,
H2,FALSE,54,Target 1,Unknown,SYBR,12.62668552,0.989984954,1.712038763,Amp,FALSE,,,,,3,7,78.889328,,,
I2,FALSE,54,Target 1,Unknown,SYBR,12.98384059,0.992843014,1.718609098,Amp,FALSE,,,,,3,7,78.75460815,,,
G4,FALSE,55,Target 1,Unknown,SYBR,14.0367064,0.981878803,1.721034109,Amp,FALSE,14.21,0.16,1.11,1.19,3,8,78.75460815,,,
H4,FALSE,55,Target 1,Unknown,SYBR,14.24385801,0.985993262,1.714815463,Amp,FALSE,,,,,3,7,78.75460815,,,
I4,FALSE,55,Target 1,Unknown,SYBR,14.34497971,0.989597162,1.719229716,Amp,FALSE,,,,,3,8,78.61987305,,,
G6,FALSE,56,Target 1,Unknown,SYBR,11.70476778,0.990558073,1.709530689,Amp,FALSE,11.82,0.13,1.1,0.99,3,6,78.889328,,,
H6,FALSE,56,Target 1,Unknown,SYBR,11.78836013,0.983807374,1.715724622,Amp,FALSE,,,,,3,6,78.889328,,,
I6,FALSE,56,Target 1,Unknown,SYBR,11.95910478,0.991405169,1.720274774,Amp,FALSE,,,,,3,6,78.75460815,,,
G8,FALSE,57,Target 1,Unknown,SYBR,12.64494303,0.990650382,1.725614398,Amp,FALSE,12.86,0.32,2.48,1.08,3,7,78.75460815,,,
H8,FALSE,57,Target 1,Unknown,SYBR,12.70009056,0.985181553,1.725640123,Amp,FALSE,,,,,3,7,78.75460815,,,
I8,FALSE,57,Target 1,Unknown,SYBR,13.22344284,0.985883196,1.723185531,Amp,FALSE,,,,,3,7,78.61987305,,,
G10,FALSE,58,Target 1,Unknown,SYBR,13.01981853,0.986414873,1.7283912,Amp,FALSE,13.27,0.34,2.59,1.11,3,7,78.61987305,,,
H10,FALSE,58,Target 1,Unknown,SYBR,13.12599033,0.985660769,1.710132957,Amp,FALSE,,,,,3,7,78.75460815,,,
I10,FALSE,58,Target 1,Unknown,SYBR,13.66153303,0.98240667,1.743184212,Amp,FALSE,,,,,3,7,78.61987305,,,
G12,FALSE,59,Target 1,Unknown,SYBR,12.88976946,0.982709283,1.719942934,Amp,FALSE,12.96,0.13,1.01,1.09,3,7,78.61987305,,,
H12,FALSE,59,Target 1,Unknown,SYBR,12.86908474,0.995798162,1.725014184,Amp,FALSE,,,,,3,7,78.61987305,,,
I12,FALSE,59,Target 1,Unknown,SYBR,13.10640486,0.985667846,1.734164812,Amp,FALSE,,,,,3,7,78.61987305,,,
G14,FALSE,60,Target 1,Unknown,SYBR,12.65873775,0.979007817,1.724250048,Amp,FALSE,13.04,0.34,2.58,1.09,3,7,78.75322723,,,
H14,FALSE,60,Target 1,Unknown,SYBR,13.15833326,0.979934718,1.737799057,Amp,FALSE,,,,,3,8,78.48369598,,,
I14,FALSE,60,Target 1,Unknown,SYBR,13.30008544,0.982870867,1.722097787,Amp,FALSE,,,,,3,7,78.48369598,,,
G16,FALSE,61,Target 1,Unknown,SYBR,13.07620651,0.970206161,1.721994553,Amp,FALSE,13.12,0.2,1.56,1.1,3,7,78.61846161,,,
H16,FALSE,61,Target 1,Unknown,SYBR,12.93368619,0.989211993,1.727926477,Amp,FALSE,,,,,3,7,78.61846161,,,
I16,FALSE,61,Target 1,Unknown,SYBR,13.33665863,0.980108452,1.72549334,Amp,FALSE,,,,,3,8,78.61846161,,,
G18,FALSE,62,Target 1,Unknown,SYBR,14.46153184,0.989566214,1.725045178,Amp,FALSE,14.67,0.19,1.26,1.23,3,8,78.34893036,,,
H18,FALSE,62,Target 1,Unknown,SYBR,14.71930928,0.988583646,1.727535356,Amp,FALSE,,,,,3,8,78.34893036,,,
I18,FALSE,62,Target 1,Unknown,SYBR,14.820351,0.990588643,1.7270505,Amp,FALSE,,,,,3,8,78.34893036,,,
G20,FALSE,63,Target 1,Unknown,SYBR,12.29446683,0.97882747,1.710536057,Amp,FALSE,12.54,0.29,2.31,1.05,3,6,78.75322723,,,
H20,FALSE,63,Target 1,Unknown,SYBR,12.46180245,0.969117304,1.708571273,Amp,FALSE,,,,,3,8,78.75322723,,,
I20,FALSE,63,Target 1,Unknown,SYBR,12.85945131,0.984908418,1.717812675,Amp,FALSE,,,,,3,6,78.75322723,,,
G22,FALSE,64,Target 1,Unknown,SYBR,12.85427257,0.986854453,1.71702948,Amp,FALSE,12.85,0.17,1.33,1.08,3,7,78.75322723,,,
H22,FALSE,64,Target 1,Unknown,SYBR,12.67743082,0.986950785,1.70816142,Amp,FALSE,,,,,3,7,78.88799286,,,
I22,FALSE,64,Target 1,Unknown,SYBR,13.01923678,0.982399724,1.722654313,Amp,FALSE,,,,,3,6,78.75322723,,,
G24,FALSE,65,Target 1,Unknown,SYBR,11.88392775,0.973131956,1.695494778,Amp,FALSE,12.25,0.32,2.59,1.03,3,6,79.02275848,,,
H24,FALSE,65,Target 1,Unknown,SYBR,12.38050217,0.978465029,1.696752145,Amp,FALSE,,,,,3,6,78.88799286,,,
I24,FALSE,65,Target 1,Unknown,SYBR,12.47292131,0.965505324,1.701459054,Amp,FALSE,,,,,3,6,78.75322723,,,
J1,FALSE,66,Target 1,Unknown,SYBR,12.65444773,0.986816554,1.689847976,Amp,FALSE,12.68,0.1,0.81,1.06,3,7,78.75460815,,,
K1,FALSE,66,Target 1,Unknown,SYBR,12.79466947,0.984025906,1.703251965,Amp,FALSE,,,,,3,7,78.61987305,,,
L1,FALSE,66,Target 1,Unknown,SYBR,12.59362002,0.981456853,1.717075639,Amp,FALSE,,,,,3,7,78.61987305,,,
J3,FALSE,67,Target 1,Unknown,SYBR,12.03493307,0.970768238,1.719701558,Amp,FALSE,11.84,0.97,8.18,0.99,3,6,79.02405548,,,
K3,FALSE,67,Target 1,Unknown,SYBR,12.70464227,0.856564852,1.715965306,Inconclusive,FALSE,,,,,3,8,78.75460815,,,
L3,FALSE,67,Target 1,Unknown,SYBR,10.79431151,0.974442173,1.725018749,Amp,FALSE,,,,,3,6,78.75460815,,,
J5,FALSE,68,Target 1,Unknown,SYBR,12.45524441,0.984650948,1.714818062,Amp,FALSE,12.66,0.18,1.42,1.06,3,7,78.889328,,,
K5,FALSE,68,Target 1,Unknown,SYBR,12.76166188,0.976702948,1.716886312,Amp,FALSE,,,,,3,7,78.75460815,,,
L5,FALSE,68,Target 1,Unknown,SYBR,12.7710013,0.983613483,1.72328435,Amp,FALSE,,,,,3,7,78.61987305,,,
J7,FALSE,69,Target 1,Unknown,SYBR,12.49254644,0.983275787,1.71385193,Amp,FALSE,12.74,0.27,2.13,1.07,3,7,78.889328,,,
K7,FALSE,69,Target 1,Unknown,SYBR,12.68794605,0.983091697,1.717708978,Amp,FALSE,,,,,3,7,78.75460815,,,
L7,FALSE,69,Target 1,Unknown,SYBR,13.0292277,0.981875049,1.71962791,Amp,FALSE,,,,,3,7,78.4851532,,,
J9,FALSE,70,Target 1,Unknown,SYBR,12.47964341,0.983436193,1.721038159,Amp,FALSE,12.49,0.02,0.15,1.05,3,7,78.75460815,,,
K9,FALSE,70,Target 1,Unknown,SYBR,12.47425861,0.99115039,1.725355005,Amp,FALSE,,,,,3,8,78.75460815,,,
L9,FALSE,70,Target 1,Unknown,SYBR,12.50990511,0.982302402,1.721266253,Amp,FALSE,,,,,3,7,78.61987305,,,
J11,FALSE,71,Target 1,Unknown,SYBR,12.60764683,0.983574256,1.728171097,Amp,FALSE,12.79,0.43,3.32,1.07,3,7,78.889328,,,
K11,FALSE,71,Target 1,Unknown,SYBR,13.27771559,0.981451483,1.738849823,Amp,FALSE,,,,,3,8,78.4851532,,,
L11,FALSE,71,Target 1,Unknown,SYBR,12.48944561,0.985839445,1.724574142,Amp,FALSE,,,,,3,7,78.61987305,,,
J13,FALSE,72,Target 1,Unknown,SYBR,13.88719584,0.994679491,1.730359026,Amp,FALSE,14.17,0.25,1.77,1.19,3,8,78.75322723,,,
K13,FALSE,72,Target 1,Unknown,SYBR,14.28837415,0.988453887,1.723713882,Amp,FALSE,,,,,3,8,78.48369598,,,
L13,FALSE,72,Target 1,Unknown,SYBR,14.3480267,0.984393522,1.671030857,Amp,FALSE,,,,,3,8,78.48369598,,,
J15,FALSE,73,Target 1,Unknown,SYBR,13.64585955,0.986772145,1.727996242,Amp,FALSE,13.72,0.1,0.76,1.15,3,8,78.61846161,,,
K15,FALSE,73,Target 1,Unknown,SYBR,13.68209966,0.99201581,1.724465026,Amp,FALSE,,,,,3,8,78.61846161,,,
L15,FALSE,73,Target 1,Unknown,SYBR,13.84078782,0.98586445,1.712161856,Amp,FALSE,,,,,3,8,78.48369598,,,
J17,FALSE,74,Target 1,Unknown,SYBR,15.38816142,0.988546757,1.725118417,Amp,FALSE,15.53,0.14,0.92,1.3,3,9,78.61846161,,,
K17,FALSE,74,Target 1,Unknown,SYBR,15.67240703,0.992528815,1.730912223,Amp,FALSE,,,,,3,9,78.48369598,,,
L17,FALSE,74,Target 1,Unknown,SYBR,15.53204242,0.990720299,1.72549904,Amp,FALSE,,,,,3,9,78.48369598,,,
J19,FALSE,75,Target 1,Unknown,SYBR,12.59843796,0.984078076,1.703415425,Amp,FALSE,12.51,0.3,2.37,1.05,3,7,78.88799286,,,
K19,FALSE,75,Target 1,Unknown,SYBR,12.74393197,0.994632848,1.70729946,Amp,FALSE,,,,,3,8,78.75322723,,,
L19,FALSE,75,Target 1,Unknown,SYBR,12.17370295,0.984634845,1.718688417,Amp,FALSE,,,,,3,7,78.75322723,,,
J21,FALSE,76,Target 1,Unknown,SYBR,14.16306357,0.988533657,1.716614298,Amp,FALSE,14.1,0.09,0.62,1.18,3,7,78.75322723,,,
K21,FALSE,76,Target 1,Unknown,SYBR,14.14004468,0.984134988,1.714610627,Amp,FALSE,,,,,3,8,78.61846161,,,
L21,FALSE,76,Target 1,Unknown,SYBR,14.00138437,0.960254503,1.714504908,Amp,FALSE,,,,,3,8,78.61846161,,,
J23,FALSE,77,Target 1,Unknown,SYBR,12.31024625,0.979232656,1.698027639,Amp,FALSE,12.5,0.48,3.84,1.05,3,6,79.02275848,,,
K23,FALSE,77,Target 1,Unknown,SYBR,12.14474218,0.986114932,1.705058014,Amp,FALSE,,,,,3,6,78.88799286,,,
L23,FALSE,77,Target 1,Unknown,SYBR,13.04630555,0.98282528,1.641105363,Amp,FALSE,,,,,3,6,78.75322723,,,
J2,FALSE,78,Target 1,Unknown,SYBR,13.7658448,0.989855804,1.719489328,Amp,FALSE,13.88,0.16,1.18,1.16,3,8,78.75460815,,,
K2,FALSE,78,Target 1,Unknown,SYBR,13.81073131,0.967785485,1.721275074,Amp,FALSE,,,,,3,7,78.75460815,,,
L2,FALSE,78,Target 1,Unknown,SYBR,14.06985316,0.98661914,1.723569147,Amp,FALSE,,,,,3,8,78.61987305,,,
J4,FALSE,79,Target 1,Unknown,SYBR,13.42693199,0.98301703,1.729241739,Amp,FALSE,13.42,0.12,0.89,1.12,3,7,78.75460815,,,
K4,FALSE,79,Target 1,Unknown,SYBR,13.29090326,0.983947769,1.72950382,Amp,FALSE,,,,,3,7,78.75460815,,,
L4,FALSE,79,Target 1,Unknown,SYBR,13.52995614,0.95885701,1.719217435,Amp,FALSE,,,,,3,8,78.61987305,,,
J6,FALSE,80,Target 1,Unknown,SYBR,12.2831548,0.984321723,1.733180957,Amp,FALSE,12.79,0.52,4.09,1.07,3,6,78.75460815,,,
K6,FALSE,80,Target 1,Unknown,SYBR,12.7559545,0.986653374,1.71909824,Amp,FALSE,,,,,3,7,78.61987305,,,
L6,FALSE,80,Target 1,Unknown,SYBR,13.32821771,0.977747145,1.724905877,Amp,FALSE,,,,,3,7,78.35042572,,,
J8,FALSE,81,Target 1,Unknown,SYBR,14.38353381,0.980478808,1.570495491,Amp,FALSE,13.49,0.78,5.75,1.13,3,7,78.75460815,,,
K8,FALSE,81,Target 1,Unknown,SYBR,12.98052898,0.981509638,1.727955074,Amp,FALSE,,,,,3,7,78.61987305,,,
L8,FALSE,81,Target 1,Unknown,SYBR,13.10942358,0.990720278,1.722755852,Amp,FALSE,,,,,3,7,78.4851532,,,
J10,FALSE,82,Target 1,Unknown,SYBR,14.33537995,0.989475668,1.719235865,Amp,FALSE,14.15,0.16,1.11,1.19,3,8,78.61987305,,,
K10,FALSE,82,Target 1,Unknown,SYBR,14.06729343,0.988589694,1.729434512,Amp,FALSE,,,,,3,8,78.61987305,,,
L10,FALSE,82,Target 1,Unknown,SYBR,14.05933375,0.986558216,1.726884901,Amp,FALSE,,,,,3,7,78.4851532,,,
J12,FALSE,83,Target 1,Unknown,SYBR,13.83450003,0.984273578,1.74263751,Amp,FALSE,13.89,0.08,0.55,1.16,3,8,78.61987305,,,
K12,FALSE,83,Target 1,Unknown,SYBR,13.97688962,0.989744933,1.73184748,Amp,FALSE,,,,,3,8,78.61987305,,,
L12,FALSE,83,Target 1,Unknown,SYBR,13.85768692,0.990080989,1.731609402,Amp,FALSE,,,,,3,8,78.61987305,,,
J14,FALSE,84,Target 1,Unknown,SYBR,12.61576227,0.98462376,1.722051055,Amp,FALSE,12.78,0.15,1.16,1.07,3,7,78.75322723,,,
K14,FALSE,84,Target 1,Unknown,SYBR,12.89841719,0.984934015,1.724209888,Amp,FALSE,,,,,3,8,78.61846161,,,
L14,FALSE,84,Target 1,Unknown,SYBR,12.83842033,0.990798724,1.721018684,Amp,FALSE,,,,,3,8,78.61846161,,,
J16,FALSE,85,Target 1,Unknown,SYBR,13.81291812,0.988818714,1.736161635,Amp,FALSE,13.95,0.13,0.91,1.17,3,7,78.61846161,,,
K16,FALSE,85,Target 1,Unknown,SYBR,14.06334018,0.989292071,1.725546759,Amp,FALSE,,,,,3,9,78.48369598,,,
L16,FALSE,85,Target 1,Unknown,SYBR,13.96876395,0.987537491,1.728769953,Amp,FALSE,,,,,3,8,78.48369598,,,
J18,FALSE,86,Target 1,Unknown,SYBR,13.51213174,0.986883075,1.711079853,Amp,FALSE,13.48,0.39,2.89,1.13,3,7,78.75322723,,,
K18,FALSE,86,Target 1,Unknown,SYBR,13.8577564,0.99063923,1.718208688,Amp,FALSE,,,,,3,8,78.48369598,,,
L18,FALSE,86,Target 1,Unknown,SYBR,13.07885039,0.989905991,1.729828042,Amp,FALSE,,,,,3,8,78.75322723,,,
J20,FALSE,87,Target 1,Unknown,SYBR,13.11405449,0.986004216,1.711641435,Amp,FALSE,13.14,0.17,1.28,1.1,3,7,78.75322723,,,
K20,FALSE,87,Target 1,Unknown,SYBR,13.32117927,0.979293436,1.716145545,Amp,FALSE,,,,,3,6,78.61846161,,,
L20,FALSE,87,Target 1,Unknown,SYBR,12.98930787,0.968548696,1.717144444,Amp,FALSE,,,,,3,7,78.61846161,,,
J22,FALSE,88,Target 1,Unknown,SYBR,12.3371567,0.955888424,1.688324563,Amp,FALSE,12.4,0.08,0.63,1.04,3,6,78.75322723,,,
K22,FALSE,88,Target 1,Unknown,SYBR,12.48667316,0.972392853,1.692224946,Amp,FALSE,,,,,3,6,78.75322723,,,
L22,FALSE,88,Target 1,Unknown,SYBR,12.37482347,0.981730441,1.694704127,Amp,FALSE,,,,,3,6,78.75322723,,,
J24,FALSE,89,Target 1,Unknown,SYBR,13.16396495,0.977565676,1.685569587,Amp,FALSE,13.22,0.21,1.59,1.11,3,7,78.88799286,,,
K24,FALSE,89,Target 1,Unknown,SYBR,13.45542562,0.957036394,1.665353587,Amp,FALSE,,,,,3,7,78.75322723,,,
L24,FALSE,89,Target 1,Unknown,SYBR,13.04737127,0.973294347,1.696100891,Amp,FALSE,,,,,3,7,78.75322723,,,
M1,FALSE,90,Target 1,Unknown,SYBR,13.62595905,0.977398616,1.722689934,Amp,FALSE,14.11,0.54,3.8,1.18,3,8,78.75460815,,,
N1,FALSE,90,Target 1,Unknown,SYBR,14.01086282,0.982802644,1.722590157,Amp,FALSE,,,,,3,8,78.61987305,,,
O1,FALSE,90,Target 1,Unknown,SYBR,14.685906,0.971482259,1.62297252,Amp,FALSE,,,,,3,8,78.61987305,,,
M3,FALSE,91,Target 1,Unknown,SYBR,12.64463343,0.988692233,1.721143336,Amp,FALSE,12.68,0.09,0.68,1.06,3,7,78.75460815,,,
N3,FALSE,91,Target 1,Unknown,SYBR,12.77473095,0.974781456,1.716111168,Amp,FALSE,,,,,3,7,78.61987305,,,
O3,FALSE,91,Target 1,Unknown,SYBR,12.61314586,0.972031187,1.720105287,Amp,FALSE,,,,,3,6,78.61987305,,,
M5,FALSE,92,Target 1,Unknown,SYBR,11.84487464,0.990848797,1.722178205,Amp,FALSE,11.91,0.08,0.64,1,3,6,78.75460815,,,
N5,FALSE,92,Target 1,Unknown,SYBR,11.88976999,0.986221732,1.713843103,Amp,FALSE,,,,,3,6,78.61987305,,,
O5,FALSE,92,Target 1,Unknown,SYBR,11.9930007,0.975329177,1.719691168,Amp,FALSE,,,,,3,6,78.75460815,,,
M7,FALSE,93,Target 1,Unknown,SYBR,12.71868579,0.978290405,1.715743189,Amp,FALSE,12.84,0.1,0.8,1.08,3,8,78.61987305,,,
N7,FALSE,93,Target 1,Unknown,SYBR,12.90362473,0.974683263,1.72536323,Amp,FALSE,,,,,3,7,78.4851532,,,
O7,FALSE,93,Target 1,Unknown,SYBR,12.88749673,0.987870492,1.715974047,Amp,FALSE,,,,,3,7,78.61987305,,,
M9,FALSE,94,Target 1,Unknown,SYBR,13.78952755,0.991143436,1.730019676,Amp,FALSE,13.99,0.19,1.34,1.17,3,7,78.61987305,,,
N9,FALSE,94,Target 1,Unknown,SYBR,14.16062591,0.94698447,1.729889386,Amp,FALSE,,,,,3,9,78.4851532,,,
O9,FALSE,94,Target 1,Unknown,SYBR,14.01565457,0.986467683,1.731188812,Amp,FALSE,,,,,3,8,78.4851532,,,
M11,FALSE,95,Target 1,Unknown,SYBR,13.16759408,0.990277821,1.708282633,Amp,FALSE,13.29,0.24,1.78,1.11,3,8,78.4851532,,,
N11,FALSE,95,Target 1,Unknown,SYBR,13.56069607,0.988416984,1.643982237,Amp,FALSE,,,,,3,8,78.35042572,,,
O11,FALSE,95,Target 1,Unknown,SYBR,13.13458481,0.980002029,1.719396363,Amp,FALSE,,,,,3,6,78.61987305,,,
M13,FALSE,96,Target 1,Unknown,SYBR,12.44189075,0.989579171,1.717894951,Amp,FALSE,12.39,0.24,1.97,1.04,3,8,78.75322723,,,
N13,FALSE,96,Target 1,Unknown,SYBR,12.60494162,0.96841888,1.7177908,Amp,FALSE,,,,,3,6,78.61846161,,,
O13,FALSE,96,Target 1,Unknown,SYBR,12.1257615,0.974719874,1.719813847,Amp,FALSE,,,,,3,6,78.75322723,,,
M15,FALSE,97,Target 1,Unknown,SYBR,12.91218326,0.986180386,1.717655078,Amp,FALSE,13.09,0.5,3.81,1.1,3,7,78.75322723,,,
N15,FALSE,97,Target 1,Unknown,SYBR,13.64671222,0.980311998,1.697228441,Amp,FALSE,,,,,3,8,78.48369598,,,
O15,FALSE,97,Target 1,Unknown,SYBR,12.69661081,0.984245491,1.721818201,Amp,FALSE,,,,,3,6,78.61846161,,,
M17,FALSE,98,Target 1,Unknown,SYBR,13.15645753,0.987589513,1.713123365,Amp,FALSE,13.15,0.03,0.24,1.1,3,7,78.61846161,,,
N17,FALSE,98,Target 1,Unknown,SYBR,13.17176079,0.986693536,1.716712736,Amp,FALSE,,,,,3,7,78.48369598,,,
O17,FALSE,98,Target 1,Unknown,SYBR,13.11065986,0.977290841,1.716373081,Amp,FALSE,,,,,3,6,78.61846161,,,
M19,FALSE,99,Target 1,Unknown,SYBR,12.75961326,0.98030592,1.717709387,Amp,FALSE,12.99,0.22,1.73,1.09,3,7,78.75322723,,,
N19,FALSE,99,Target 1,Unknown,SYBR,12.99959494,0.983231587,1.713115614,Amp,FALSE,,,,,3,7,78.61846161,,,
O19,FALSE,99,Target 1,Unknown,SYBR,13.20776574,0.975469108,1.717068904,Amp,FALSE,,,,,3,7,78.61846161,,,
M21,FALSE,100,Target 1,Unknown,SYBR,12.9010165,0.980848827,1.715203408,Amp,FALSE,13.04,0.28,2.17,1.09,3,6,78.75322723,,,
N21,FALSE,100,Target 1,Unknown,SYBR,13.36713754,0.956754154,1.698043539,Amp,FALSE,,,,,3,7,78.61846161,,,
O21,FALSE,100,Target 1,Unknown,SYBR,12.8574438,0.986361938,1.713348855,Amp,FALSE,,,,,3,7,78.75322723,,,
M23,FALSE,101,Target 1,Unknown,SYBR,12.28868925,0.981110244,1.702184307,Amp,FALSE,12.44,0.19,1.51,1.04,3,6,78.75322723,,,
N23,FALSE,101,Target 1,Unknown,SYBR,12.64714582,0.974684545,1.678075249,Amp,FALSE,,,,,3,6,78.61846161,,,
O23,FALSE,101,Target 1,Unknown,SYBR,12.37239385,0.972348892,1.693563444,Amp,FALSE,,,,,3,6,78.61846161,,,
M2,FALSE,102,Target 1,Unknown,SYBR,13.2237844,0.975252047,1.715507795,Amp,FALSE,13.26,0.06,0.48,1.11,3,7,78.4851532,,,
N2,FALSE,102,Target 1,Unknown,SYBR,13.33481235,0.978974696,1.716294174,Amp,FALSE,,,,,3,7,78.4851532,,,
O2,FALSE,102,Target 1,Unknown,SYBR,13.22479527,0.977118163,1.7157189,Amp,FALSE,,,,,3,7,78.4851532,,,
M4,FALSE,103,Target 1,Unknown,SYBR,12.23935523,0.989111997,1.709025557,Amp,FALSE,12.44,0.18,1.47,1.04,3,6,78.75460815,,,
N4,FALSE,103,Target 1,Unknown,SYBR,12.48860641,0.983018419,1.718044313,Amp,FALSE,,,,,3,7,78.61987305,,,
O4,FALSE,103,Target 1,Unknown,SYBR,12.59557196,0.976097498,1.721964247,Amp,FALSE,,,,,3,7,78.61987305,,,
M6,FALSE,104,Target 1,Unknown,SYBR,14.19368012,0.989649746,1.730049928,Amp,FALSE,14.4,0.23,1.59,1.21,3,8,78.61987305,,,
N6,FALSE,104,Target 1,Unknown,SYBR,14.361452,0.981766532,1.723250668,Amp,FALSE,,,,,3,8,78.4851532,,,
O6,FALSE,104,Target 1,Unknown,SYBR,14.64656583,0.991143253,1.728955704,Amp,FALSE,,,,,3,8,78.4851532,,,
M8,FALSE,105,Target 1,Unknown,SYBR,13.78046025,0.987193042,1.730460931,Amp,FALSE,14.11,0.34,2.43,1.18,3,7,78.61987305,,,
N8,FALSE,105,Target 1,Unknown,SYBR,14.07953226,0.986054939,1.730017711,Amp,FALSE,,,,,3,8,78.4851532,,,
O8,FALSE,105,Target 1,Unknown,SYBR,14.4649255,0.989969057,1.730673,Amp,FALSE,,,,,3,9,78.35042572,,,
M10,FALSE,106,Target 1,Unknown,SYBR,13.56011132,0.987146993,1.726115288,Amp,FALSE,13.69,0.11,0.81,1.15,3,8,78.61987305,,,
N10,FALSE,106,Target 1,Unknown,SYBR,13.72769529,0.987073619,1.722755564,Amp,FALSE,,,,,3,7,78.4851532,,,
O10,FALSE,106,Target 1,Unknown,SYBR,13.76987531,0.988106212,1.72339308,Amp,FALSE,,,,,3,8,78.4851532,,,
M12,FALSE,107,Target 1,Unknown,SYBR,13.89672025,0.974618268,1.729518618,Amp,FALSE,13.48,0.38,2.81,1.13,3,8,78.35042572,,,
N12,FALSE,107,Target 1,Unknown,SYBR,13.16246979,0.984579741,1.719240647,Amp,FALSE,,,,,3,7,78.4851532,,,
O12,FALSE,107,Target 1,Unknown,SYBR,13.36819086,0.990715533,1.71646798,Amp,FALSE,,,,,3,7,78.4851532,,,
M14,FALSE,108,Target 1,Unknown,SYBR,16.36069634,0.991980463,1.729370141,Amp,FALSE,16.34,0.04,0.21,1.37,3,10,78.48369598,,,
N14,FALSE,108,Target 1,Unknown,SYBR,16.3691819,0.99289634,1.729655424,Amp,FALSE,,,,,3,10,78.48369598,,,
O14,FALSE,108,Target 1,Unknown,SYBR,16.30469965,0.991418255,1.732459158,Amp,FALSE,,,,,3,9,78.48369598,,,
M16,FALSE,109,Target 1,Unknown,SYBR,11.77482861,0.969575186,1.716824158,Amp,FALSE,11.79,0.11,0.93,0.99,3,7,78.75322723,,,
N16,FALSE,109,Target 1,Unknown,SYBR,11.69225516,0.98972619,1.717272834,Amp,FALSE,,,,,3,6,78.61846161,,,
O16,FALSE,109,Target 1,Unknown,SYBR,11.91014378,0.979990896,1.714485714,Amp,FALSE,,,,,3,6,78.75322723,,,
M18,FALSE,110,Target 1,Unknown,SYBR,12.44969672,0.976440425,1.711987592,Amp,FALSE,12.51,0.09,0.68,1.05,3,7,78.75322723,,,
N18,FALSE,110,Target 1,Unknown,SYBR,12.47013289,0.960179446,1.711035046,Amp,FALSE,,,,,3,6,78.61846161,,,
O18,FALSE,110,Target 1,Unknown,SYBR,12.60723404,0.977954257,1.703751377,Amp,FALSE,,,,,3,6,78.48369598,,,
M20,FALSE,111,Target 1,Unknown,SYBR,11.95282316,0.979665096,1.710905677,Amp,FALSE,12.11,0.16,1.3,1.01,3,6,78.75322723,,,
N20,FALSE,111,Target 1,Unknown,SYBR,12.09628248,0.972011932,1.711347363,Amp,FALSE,,,,,3,6,78.75322723,,,
O20,FALSE,111,Target 1,Unknown,SYBR,12.2672395,0.975365216,1.706066538,Amp,FALSE,,,,,3,6,78.61846161,,,
M22,FALSE,112,Target 1,Unknown,SYBR,11.92217142,0.973328113,1.70690317,Amp,FALSE,12.1,0.23,1.9,1.01,3,6,78.75322723,,,
N22,FALSE,112,Target 1,Unknown,SYBR,12.01997363,0.982861877,1.704219879,Amp,FALSE,,,,,3,6,78.61846161,,,
O22,FALSE,112,Target 1,Unknown,SYBR,12.35964792,0.962235499,1.690283275,Amp,FALSE,,,,,3,6,78.61846161,,,
M24,FALSE,113,Target 1,Unknown,SYBR,12.25175412,0.977748738,1.705196235,Amp,FALSE,12.6,0.37,2.91,1.06,3,6,78.88799286,,,
N24,FALSE,113,Target 1,Unknown,SYBR,12.57850718,0.978092443,1.685992995,Amp,FALSE,,,,,3,6,78.75322723,,,
O24,FALSE,113,Target 1,Unknown,SYBR,12.98349457,0.975040956,1.653163201,Amp,FALSE,,,,,3,7,78.61846161,,,
P1,FALSE,114,Target 1,Unknown,SYBR,11.84839546,0.983621966,1.716300532,Amp,FALSE,11.4,0.54,4.73,0.95,3,6,78.889328,,,
P3,FALSE,114,Target 1,Unknown,SYBR,10.79966372,0.971158266,1.718414524,Amp,FALSE,,,,,3,5,79.15878296,,,
P5,FALSE,114,Target 1,Unknown,SYBR,11.54428742,0.987732671,1.668622211,Amp,FALSE,,,,,3,6,78.889328,,,
P7,FALSE,115,Target 1,Unknown,SYBR,12.23511358,0.981812955,1.710641704,Amp,FALSE,12.28,0.24,1.95,1.03,3,7,78.889328,,,
P9,FALSE,115,Target 1,Unknown,SYBR,12.07110122,0.970747484,1.721277606,Amp,FALSE,,,,,3,6,78.75460815,,,
P11,FALSE,115,Target 1,Unknown,SYBR,12.54365124,0.985329227,1.713661028,Amp,FALSE,,,,,3,7,78.61987305,,,
P13,FALSE,116,Target 1,Unknown,SYBR,11.36799474,0.975207063,1.713644886,Amp,FALSE,11.46,0.46,4.05,0.96,3,6,78.75322723,,,
P15,FALSE,116,Target 1,Unknown,SYBR,11.04630223,0.980959161,1.705537211,Amp,FALSE,,,,,3,6,78.88799286,,,
P17,FALSE,116,Target 1,Unknown,SYBR,11.96122833,0.976669727,1.686047487,Amp,FALSE,,,,,3,6,78.48369598,,,
P19,FALSE,117,Target 1,Unknown,SYBR,12.22697853,0.980082651,1.700890345,Amp,FALSE,12.18,0.06,0.51,1.02,3,7,78.61846161,,,
P21,FALSE,117,Target 1,Unknown,SYBR,12.19473138,0.985264635,1.702854213,Amp,FALSE,,,,,3,6,78.61846161,,,
P23,FALSE,117,Target 1,Unknown,SYBR,12.10665591,0.966267884,1.701079044,Amp,FALSE,,,,,3,6,78.75322723,,,
P2,FALSE,118,Target 1,Unknown,SYBR,11.28720633,0.981100016,1.695562704,Amp,FALSE,10.92,0.4,3.64,0.91,3,6,79.29351044,,,
P4,FALSE,118,Target 1,Unknown,SYBR,10.96346864,0.989213094,1.723856683,Amp,FALSE,,,,,3,6,79.29351044,,,
P6,FALSE,118,Target 1,Unknown,SYBR,10.49685503,0.978037736,1.718133773,Amp,FALSE,,,,,3,5,79.29351044,,,
P8,FALSE,119,Target 1,Unknown,SYBR,10.48171423,0.984395022,1.714171066,Amp,FALSE,10.79,0.45,4.13,0.9,3,5,79.15878296,,,
P10,FALSE,119,Target 1,Unknown,SYBR,10.58590315,0.985012558,1.715044079,Amp,FALSE,,,,,3,5,79.15878296,,,
P12,FALSE,119,Target 1,Unknown,SYBR,11.3001212,0.989417033,1.714108188,Amp,FALSE,,,,,3,6,78.889328,,,
P14,FALSE,120,Target 1,Unknown,SYBR,12.02392419,0.983408249,1.712875867,Amp,FALSE,11.83,0.17,1.46,0.99,3,6,78.88799286,,,
P16,FALSE,120,Target 1,Unknown,SYBR,11.73867906,0.989081957,1.718973702,Amp,FALSE,,,,,3,6,79.02275848,,,
P18,FALSE,120,Target 1,Unknown,SYBR,11.71411468,0.984639405,1.712827525,Amp,FALSE,,,,,3,6,79.02275848,,,
P20,FALSE,121,Target 1,Unknown,SYBR,14.47963088,0.977296199,1.700100448,Amp,FALSE,14.22,0.53,3.75,1.19,3,8,78.61846161,,,
P22,FALSE,121,Target 1,Unknown,SYBR,13.606632,0.974137301,1.712852771,Amp,FALSE,,,,,3,7,79.02275848,,,
P24,FALSE,121,Target 1,Unknown,SYBR,14.57502504,0.971383539,1.698406368,Amp,FALSE,,,,,3,9,78.75322723,,,
A3,FALSE,Gold,Target 1,Unknown,SYBR,11.68275101,0.989708297,1.688400509,Amp,FALSE,11.94,0.31,2.56,1,3,6,78.889328,,,
B3,FALSE,Gold,Target 1,Unknown,SYBR,11.85382385,0.987142806,1.717507397,Amp,FALSE,,,,,3,6,78.889328,,,
C3,FALSE,Gold,Target 1,Unknown,SYBR,12.27558399,0.951201344,1.742393498,Amp,FALSE,,,,,3,8,78.889328,,,
A1,FALSE,H20,Target 1,Unknown,SYBR,Undetermined,0,1.029960414,No Amp,FALSE,#DIV/0!,#DIV/0!,#DIV/0!,#DIV/0!,3,22,78.889328,72.28772736,,
B1,FALSE,H20,Target 1,Unknown,SYBR,Undetermined,0,0.960862297,No Amp,FALSE,,,,,3,22,78.889328,72.28772736,,
C1,FALSE,H20,Target 1,Unknown,SYBR,Undetermined,0,0.990310319,No Amp,FALSE,,,,,3,23,78.889328,72.69190979,,
A5,FALSE,Std1,Target 1,Unknown,SYBR,12.16299752,0.986203974,1.718547445,Amp,FALSE,12.21,0.06,0.45,1.02,3,6,78.889328,,,
B5,FALSE,Std1,Target 1,Unknown,SYBR,12.27142644,0.981181941,1.712492007,Amp,FALSE,,,,,3,6,78.75460815,,,
C5,FALSE,Std1,Target 1,Unknown,SYBR,12.19882227,0.985641164,1.72002858,Amp,FALSE,,,,,3,6,78.75460815,,,
A7,FALSE,Std2,Target 1,Unknown,SYBR,12.86769334,0.990468884,1.706588279,Amp,FALSE,13.24,0.33,2.5,1.11,3,7,78.75460815,,,
B7,FALSE,Std2,Target 1,Unknown,SYBR,13.36480217,0.991090641,1.713867506,Amp,FALSE,,,,,3,7,78.61987305,,,
C7,FALSE,Std2,Target 1,Unknown,SYBR,13.49628242,0.989342978,1.716287424,Amp,FALSE,,,,,3,7,78.4851532,,,
A9,FALSE,Std3,Target 1,Unknown,SYBR,14.2604858,0.992286959,1.71918706,Amp,FALSE,14.13,0.12,0.83,1.18,3,8,78.61987305,,,
B9,FALSE,Std3,Target 1,Unknown,SYBR,14.07417725,0.990187837,1.721726992,Amp,FALSE,,,,,3,8,78.61987305,,,
C9,FALSE,Std3,Target 1,Unknown,SYBR,14.04310599,0.990884899,1.725654839,Amp,FALSE,,,,,3,7,78.61987305,,,
A11,FALSE,Std4,Target 1,Unknown,SYBR,15.0265239,0.98876955,1.726081193,Amp,FALSE,15.01,0.04,0.23,1.26,3,9,78.4851532,,,
B11,FALSE,Std4,Target 1,Unknown,SYBR,14.97088579,0.992142505,1.729220815,Amp,FALSE,,,,,3,8,78.61987305,,,
C11,FALSE,Std4,Target 1,Unknown,SYBR,15.036184,0.989605859,1.731515628,Amp,FALSE,,,,,3,9,78.4851532,,,
A13,FALSE,Std5,Target 1,Unknown,SYBR,12.37835517,0.986422148,1.704523151,Amp,FALSE,12.28,0.17,1.38,1.03,3,7,78.48369598,,,
B13,FALSE,Std5,Target 1,Unknown,SYBR,12.08065825,0.987705923,1.715718861,Amp,FALSE,,,,,3,6,78.75322723,,,
C13,FALSE,Std5,Target 1,Unknown,SYBR,12.37018175,0.99058749,1.715906661,Amp,FALSE,,,,,3,7,78.61846161,,,