"","sample_id","Cq_gadph","Cq_telo","Std3_gadph","Std3_telo","gold_gadph","gold_telo","T_087_gadph","T_087_telo","efficiency_a_gadph","efficiency_a_telo","efficiency_mean_gadph","efficiency_mean_telo","ts_ratio1","ts_ratio2"
"1","gold",22.83119579,14.15908641,23.01509611,13.86094951,22.83119579,14.15908641,21.32737748,12.13451249,104,107.3,99.33,103.3,0.245777725966091,1.15332418460442
"2","golden_2",21.68531274,NA,22.61346624,NA,22.4363686,NA,NA,NA,109,NA,103.3,NA,NA,NA
"3","Std1",20.88752582,12.53100111,23.01509611,13.86094951,22.83119579,14.15908641,21.32737748,12.13451249,104,107.3,99.33,103.3,0.197488617597077,1.10978699595883
"4","Std1-B",21.12661022,13.15652542,NA,NA,23.66353024,14.61,22.03455775,12.83387046,93.6,91,84.8,79.2,0.137778723313057,0.820188409359313
"5","Std2",21.88559317,12.6494199,23.01509611,13.86094951,22.83119579,14.15908641,21.32737748,12.13451249,104,107.3,99.33,103.3,0.363364647822305,1.07612518095031
"6","Std2-B",22.18719956,14.00983277,NA,NA,23.66353024,14.61,22.03455775,12.83387046,93.6,91,84.8,79.2,0.159067059464641,0.811760426105955
"7","Std3",23.01509611,13.86094951,23.01509611,13.86094951,22.83119579,14.15908641,21.32737748,12.13451249,104,107.3,99.33,103.3,0.34328132979502,1.12123347729744
"8","Std3-B",23.49739419,15.18586745,NA,NA,23.66353024,14.61,22.03455775,12.83387046,93.6,91,84.8,79.2,0.174568717734747,0.792306759325405
"9","Std4",24.01708208,15.23218258,23.01509611,13.86094951,22.83119579,14.15908641,21.32737748,12.13451249,104,107.3,99.33,103.3,0.265763742540254,1.18737592756678
"10","Std4-B",24.87240058,16.7987572,NA,NA,23.66353024,14.61,22.03455775,12.83387046,93.6,91,84.8,79.2,0.148032268698485,0.745293843966505
"11","Std5",25.18846619,16.45685877,23.01509611,13.86094951,22.83119579,14.15908641,21.32737748,12.13451249,104,107.3,99.33,103.3,0.256125734212748,1.23626168027865
"12","Std5-B",26.5187869,18.63070605,NA,NA,23.66353024,14.61,22.03455775,12.83387046,93.6,91,84.8,79.2,0.130165684777185,0.699172775749571
"13","T_001",22.24552304,13.41058257,23.01509611,13.86094951,22.83119579,14.15908641,21.32737748,12.13451249,104,107.3,99.33,103.3,0.275143694166447,1.11949807806361
"14","T_002",22.62058308,NA,23.01509611,NA,22.83119579,NA,21.32737748,NA,104,NA,99.33,NA,NA,NA
"15","T_003",22.11203157,13.54335201,23.01509611,13.86094951,22.83119579,14.15908641,21.32737748,12.13451249,104,107.3,99.33,103.3,0.228774198963739,1.13595169988626
"16","T_004",22.51719523,13.63272227,23.01509611,13.86094951,22.83119579,14.15908641,21.32737748,12.13451249,104,107.3,99.33,103.3,0.284754325072767,1.12510558570883
"17","T_005",22.38721248,15.29987904,23.01509611,13.86094951,22.83119579,14.15908641,21.32737748,12.13451249,104,107.3,99.33,103.3,0.0819365035104353,1.27180888507095
"18","T_006",22.65748513,15.3883382,NA,15.09015965,23.66353024,14.7,22.03455775,12.24374435,93.6,93.4,84.8,85,0.0563032120736354,0.754840471863645
"19","T_007",21.97086859,13.00068809,23.01509611,13.86094951,22.83119579,14.15908641,21.32737748,12.13451249,104,107.3,99.33,103.3,0.302183585272621,1.09940821464922
"20","T_008",22.35609191,13.92769018,23.01509611,13.86094951,22.83119579,14.15908641,21.32737748,12.13451249,104,107.3,99.33,103.3,0.207576989381858,1.15601466722636
"21","T_009",22.64950368,13.81115057,23.01509611,13.86094951,22.83119579,14.15908641,21.32737748,12.13451249,104,107.3,99.33,103.3,0.275795306441065,1.13344247222544
"22","T_010",21.96077368,13.6781339,23.01509611,13.86094951,22.83119579,14.15908641,21.32737748,12.13451249,104,107.3,99.33,103.3,0.187629227124698,1.15361416785658
"23","T_011",21.81975964,13.20796449,23.01509611,13.86094951,22.83119579,14.15908641,21.32737748,12.13451249,104,107.3,99.33,103.3,0.23571440785851,1.12221344571732
"24","T_012",21.92886105,13.48172049,23.01509611,13.86094951,22.83119579,14.15908641,21.32737748,12.13451249,104,107.3,99.33,103.3,0.210290744583833,1.13918422928098
"25","T_013",25.11935347,14.46298392,23.01509611,13.86094951,22.83119579,14.15908641,21.32737748,12.13451249,104,107.3,99.33,103.3,0.972443442347084,1.07714857746097
"26","T_014",23.29948139,14.06905843,23.01509611,15.09015965,22.83119579,14.7,21.32737748,12.24374435,104,93.4,99.33,85,0.390385539692391,0.866756821204183
"27","T_015",22.08900936,14.93697181,23.01509611,15.09015965,22.83119579,14.7,21.32737748,12.24374435,104,93.4,99.33,85,0.09243519709638,0.856602437907983
"28","T_016",23.1787291,14.28647879,23.01509611,13.86094951,22.83119579,14.15908641,21.32737748,12.13451249,104,107.3,99.33,103.3,0.286293537523305,1.14796835829734
"29","T_017",24.52593125,13.99162785,23.01509611,13.86094951,22.83119579,14.15908641,21.32737748,12.13451249,104,107.3,99.33,103.3,0.893549835921651,1.06649840324499
"30","T_018",22.71257272,13.85757361,NA,13.86094951,23.66353024,14.15908641,22.03455775,12.13451249,93.6,107.3,84.8,103.3,0.156689603071057,1.06025357024118
"31","T_019",23.00991149,14.61607509,23.01509611,13.86094951,22.83119579,14.15908641,21.32737748,12.13451249,104,107.3,99.33,103.3,0.202662785573904,1.18274467232518
"32","T_020",22.86025344,14.05938454,NA,13.86094951,23.66353024,14.15908641,22.03455775,12.13451249,93.6,107.3,84.8,103.3,0.150919502019254,1.08599319834121
"33","T_021",21.61277599,12.59272975,23.01509611,13.86094951,22.83119579,14.15908641,21.32737748,12.13451249,104,107.3,99.33,103.3,0.31281095424438,1.0833656929393
"34","T_022",21.6220753,12.50974971,23.01509611,13.86094951,22.83119579,14.15908641,21.32737748,12.13451249,104,107.3,99.33,103.3,0.333473098954521,1.07665736146937
"35","T_023",21.39149723,13.26329234,23.01509611,13.86094951,22.83119579,14.15908641,21.32737748,12.13451249,104,107.3,99.33,103.3,0.168581904322839,1.14567971482779
"36","T_024",22.07603222,12.83334713,NA,13.86094951,23.66353024,14.15908641,22.03455775,12.13451249,93.6,107.3,84.8,103.3,0.204995953902164,0.945767993091993
"37","T_025",21.45567235,14.16809396,NA,15.09015965,23.66353024,14.7,22.03455775,12.24374435,93.6,93.4,84.8,85,0.057027140342271,0.757736449783073
"38","T_026",21.69074661,13.76138489,23.01509611,13.86094951,22.83119579,14.15908641,21.32737748,12.13451249,104,107.3,99.33,103.3,0.146876798231599,1.17275556094095
"39","T_027",23.27000484,14.76102707,23.01509611,13.86094951,22.83119579,14.15908641,21.32737748,12.13451249,104,107.3,99.33,103.3,0.219500247256355,1.18275892110188
"40","T_028",22.08746353,14.10664113,23.01509611,13.86094951,22.83119579,14.15908641,21.32737748,12.13451249,104,107.3,99.33,103.3,0.152210427263593,1.18308195957396
"41","T_029",21.74127141,13.01264465,23.01509611,13.86094951,22.83119579,14.15908641,21.32737748,12.13451249,104,107.3,99.33,103.3,0.255597115466809,1.11028801466782
"42","T_030",22.22314022,13.83832984,23.01509611,13.86094951,22.83119579,14.15908641,21.32737748,12.13451249,104,107.3,99.33,103.3,0.201398812224202,1.15476484507921
"43","T_031",21.82387368,13.18418181,23.01509611,13.86094951,22.83119579,14.15908641,21.32737748,12.13451249,104,107.3,99.33,103.3,0.240316659639115,1.12015377966657
"44","T_032",21.73090705,12.86410452,23.01509611,13.86094951,22.83119579,14.15908641,21.32737748,12.13451249,104,107.3,99.33,103.3,0.281287866948759,1.09917515846559
"45","T_033",21.99506137,13.21562844,23.01509611,13.86094951,22.83119579,14.15908641,21.32737748,12.13451249,104,107.3,99.33,103.3,0.264758632607727,1.11512617183591
"46","T_034",22.08158251,13.90588669,23.01509611,13.86094951,22.83119579,14.15908641,21.32737748,12.13451249,104,107.3,99.33,103.3,0.174223666777669,1.1667343262911
"47","T_035",20.75188762,12.52825675,23.01509611,13.86094951,22.83119579,14.15908641,21.32737748,12.13451249,104,107.3,99.33,103.3,0.180109672992896,1.11549088643841
"48","T_036",24.14107743,15.35568599,23.01509611,13.86094951,22.83119579,14.15908641,21.32737748,12.13451249,104,107.3,99.33,103.3,0.265854379926957,1.19194263667248
"49","T_037",22.43160806,13.74691588,23.01509611,13.86094951,22.83119579,14.15908641,21.32737748,12.13451249,104,107.3,99.33,103.3,0.247930708729826,1.1380082456079
"50","T_038",21.68722005,13.49610316,23.01509611,13.86094951,22.83119579,14.15908641,21.32737748,12.13451249,104,107.3,99.33,103.3,0.176095944583933,1.15119799056862
"51","T_039",22.28315733,13.88205329,23.01509611,13.86094951,22.83119579,14.15908641,21.32737748,12.13451249,104,107.3,99.33,103.3,0.203686284104027,1.15560440233345
"52","T_040",25.17279066,15.45717435,23.01509611,15.09015965,22.83119579,14.7,21.32737748,12.24374435,104,93.4,99.33,85,0.546451313988059,0.732531968558973
"53","T_041",21.79904831,13.58652761,23.01509611,13.86094951,22.83119579,14.15908641,21.32737748,12.13451249,104,107.3,99.33,103.3,0.17872797849245,1.15348559998387
"54","T_042",21.83556213,13.49336703,23.01509611,15.09015965,22.83119579,14.7,21.32737748,12.24374435,104,93.4,99.33,85,0.210916469780199,0.954780960267772
"55","T_043",22.17450376,13.17698356,23.01509611,13.86094951,22.83119579,14.15908641,21.32737748,12.13451249,104,107.3,99.33,103.3,0.307964700274073,1.10429468795211
"56","T_044",24.00894631,16.62348812,23.01509611,13.86094951,22.83119579,14.15908641,21.32737748,12.13451249,104,107.3,99.33,103.3,0.100744633085626,1.31008773851325
"57","T_045",21.9992412,13.37867922,23.01509611,13.86094951,22.83119579,14.15908641,21.32737748,12.13451249,104,107.3,99.33,103.3,0.237151135287234,1.12782604826109
"58","T_046",21.77492169,13.80441404,23.01509611,13.86094951,22.83119579,14.15908641,21.32737748,12.13451249,104,107.3,99.33,103.3,0.151126058564589,1.17243938308996
"59","T_047",22.32086595,14.24218425,23.01509611,13.86094951,22.83119579,14.15908641,21.32737748,12.13451249,104,107.3,99.33,103.3,0.162893213015958,1.18355049437248
"60","T_048",22.24892263,14.06043272,23.01509611,13.86094951,22.83119579,14.15908641,21.32737748,12.13451249,104,107.3,99.33,103.3,0.175775586090956,1.17179240789976
"61","T_049",22.61349346,NA,23.01509611,NA,22.83119579,NA,21.32737748,NA,104,NA,99.33,NA,NA,NA
"62","T_050",23.13042972,15.94294175,23.01509611,13.86094951,22.83119579,14.15908641,21.32737748,12.13451249,104,107.3,99.33,103.3,0.0878267768763911,1.292527891209
"63","T_051",21.86583847,14.17299468,23.01509611,13.86094951,22.83119579,14.15908641,21.32737748,12.13451249,104,107.3,99.33,103.3,0.124667774088658,1.19900293728396
"64","T_052",23.62423537,14.42491541,NA,15.09015965,23.66353024,14.7,22.03455775,12.24374435,93.6,93.4,84.8,85,0.214572050143799,0.859394861867784
"65","T_053",25.78205313,16.55914873,23.01509611,13.86094951,22.83119579,14.15908641,21.32737748,12.13451249,104,107.3,99.33,103.3,0.360038002967896,1.21654921954474
"66","T_054",23.40262749,15.20331318,23.01509611,13.86094951,22.83119579,14.15908641,21.32737748,12.13451249,104,107.3,99.33,103.3,0.177099373059497,1.21386686844403
"67","T_055",21.04622346,NA,23.01509611,NA,22.83119579,NA,21.32737748,NA,104,NA,99.33,NA,NA,NA
"68","T_056",21.1188454,13.27772663,23.01509611,13.86094951,22.83119579,14.15908641,21.32737748,12.13451249,104,107.3,99.33,103.3,0.13816225786609,1.15917519728661
"69","T_057",22.8055861,15.98433676,23.01509611,13.86094951,22.83119579,14.15908641,21.32737748,12.13451249,104,107.3,99.33,103.3,0.0681362349553475,1.31292455504207
"70","T_058",21.52941882,13.32439214,23.01509611,13.86094951,22.83119579,14.15908641,21.32737748,12.13451249,104,107.3,99.33,103.3,0.17780199045117,1.14441514165862
"71","T_059",22.47540646,14.33599889,23.01509611,13.86094951,22.83119579,14.15908641,21.32737748,12.13451249,104,107.3,99.33,103.3,0.16989605635082,1.18420026008184
"72","T_060",21.95410476,13.56898467,23.01509611,13.86094951,22.83119579,14.15908641,21.32737748,12.13451249,104,107.3,99.33,103.3,0.201442052077416,1.14507580682232
"73","T_061",21.6506996,NA,23.01509611,NA,22.83119579,NA,21.32737748,NA,104,NA,99.33,NA,NA,NA
"74","T_062",22.37937948,14.34948265,23.01509611,13.86094951,22.83119579,14.15908641,21.32737748,12.13451249,104,107.3,99.33,103.3,0.157477053587896,1.18979848493561
"75","T_063",25.03756636,16.98936055,23.01509611,13.86094951,22.83119579,14.15908641,21.32737748,12.13451249,104,107.3,99.33,103.3,0.159488301389109,1.29114537020667
"76","T_064",25.503039,16.38604327,23.01509611,13.86094951,22.83119579,14.15908641,21.32737748,12.13451249,104,107.3,99.33,103.3,0.334554331929391,1.2150250948581
"77","T_065",24.7720956,16.41943327,23.01509611,13.86094951,22.83119579,14.15908641,21.32737748,12.13451249,104,107.3,99.33,103.3,0.19696060861071,1.25330675238749
"78","T_066",21.74774287,13.67102951,23.01509611,15.09015965,22.83119579,14.7,21.32737748,12.24374435,104,93.4,99.33,85,0.175465818526483,0.946523405695367
"79","T_067",24.20141067,15.26918541,23.01509611,13.86094951,22.83119579,14.15908641,21.32737748,12.13451249,104,107.3,99.33,103.3,0.294337233689075,1.181900142042
"80","T_068",22.6246369,13.768533,23.01509611,15.09015965,22.83119579,14.7,21.32737748,12.24374435,104,93.4,99.33,85,0.301170519124223,0.908455463427331
"81","T_069",21.83898723,13.43816514,23.01509611,15.09015965,22.83119579,14.7,21.32737748,12.24374435,104,93.4,99.33,85,0.219664044799327,0.958257699692942
"82","T_070",21.69851368,13.86892337,23.01509611,13.86094951,22.83119579,14.15908641,21.32737748,12.13451249,104,107.3,99.33,103.3,0.137062613814328,1.18131535593424
"83","T_071",23.6806958,15.94979388,23.01509611,13.86094951,22.83119579,14.15908641,21.32737748,12.13451249,104,107.3,99.33,103.3,0.128000257710127,1.26554248089979
"84","T_072",22.65194443,14.73766368,23.01509611,13.86094951,22.83119579,14.15908641,21.32737748,12.13451249,104,107.3,99.33,103.3,0.145349443203291,1.2097871071993
"85","T_073",22.02680764,13.52127643,23.01509611,13.86094951,22.83119579,14.15908641,21.32737748,12.13451249,104,107.3,99.33,103.3,0.218976492882798,1.13798361046738
"86","T_074",21.89997283,13.050169,23.01509611,15.09015965,22.83119579,14.7,21.32737748,12.24374435,104,93.4,99.33,85,0.299858212311121,0.981632269574665
"87","T_075",21.91329407,14.46431458,23.01509611,13.86094951,22.83119579,14.15908641,21.32737748,12.13451249,104,107.3,99.33,103.3,0.10527948120353,1.2215921341519
"88","T_076",23.26825703,14.83547062,23.01509611,13.86094951,22.83119579,14.15908641,21.32737748,12.13451249,104,107.3,99.33,103.3,0.208208822957448,1.1890605085437
"89","T_077",22.35169359,13.86374223,23.01509611,13.86094951,22.83119579,14.15908641,21.32737748,12.13451249,104,107.3,99.33,103.3,0.216324363067807,1.15101629744507
"90","T_078",22.09856833,13.5905897,23.01509611,13.86094951,22.83119579,14.15908641,21.32737748,12.13451249,104,107.3,99.33,103.3,0.21934828475135,1.14034076525176
"91","T_079",22.66619157,13.55991545,23.01509611,13.86094951,22.83119579,14.15908641,21.32737748,12.13451249,104,107.3,99.33,103.3,0.332077716120368,1.11282662316413
"92","T_080",22.39432731,14.21410327,23.01509611,13.86094951,22.83119579,14.15908641,21.32737748,12.13451249,104,107.3,99.33,103.3,0.174771365682741,1.17781268872914
"93","T_081",22.4292105,13.94620391,23.01509611,13.86094951,22.83119579,14.15908641,21.32737748,12.13451249,104,107.3,99.33,103.3,0.215584190575515,1.15420886488409
"94","T_082",23.29548081,15.33578524,23.01509611,13.86094951,22.83119579,14.15908641,21.32737748,12.13451249,104,107.3,99.33,103.3,0.149997698509039,1.23040965907777
"95","T_083",23.48525184,15.08684438,23.01509611,13.86094951,22.83119579,14.15908641,21.32737748,12.13451249,104,107.3,99.33,103.3,0.203305924187893,1.20005120225179
"96","T_084",22.42499002,14.50601339,23.01509611,13.86094951,22.83119579,14.15908641,21.32737748,12.13451249,104,107.3,99.33,103.3,0.145823317132249,1.20084321589385
"97","T_085",21.92580496,12.81800062,23.01509611,13.86094951,22.83119579,14.15908641,21.32737748,12.13451249,104,107.3,99.33,103.3,0.332429666237382,1.08726742343095
"98","T_086",21.79698803,13.1686298,23.01509611,13.86094951,22.83119579,14.15908641,21.32737748,12.13451249,104,107.3,99.33,103.3,0.238436156826073,1.12010752234275
"99","T_087",21.32737748,12.13451249,23.01509611,13.86094951,22.83119579,14.15908641,21.32737748,12.13451249,104,107.3,99.33,103.3,0.352618895412034,1.06075490223655
"100","T_088",22.57714912,14.25984585,23.01509611,13.86094951,22.83119579,14.15908641,21.32737748,12.13451249,104,107.3,99.33,103.3,0.192191970661151,1.17317249668634
"101","T_089",22.29637414,13.74335958,23.01509611,13.86094951,22.83119579,14.15908641,21.32737748,12.13451249,104,107.3,99.33,103.3,0.226303571756651,1.14377361081458
"102","T_090",24.60670709,16.90185147,23.01509611,13.86094951,22.83119579,14.15908641,21.32737748,12.13451249,104,107.3,99.33,103.3,0.125710086858374,1.3050776759773
"103","T_091",24.82573485,15.56835197,23.01509611,15.09015965,22.83119579,14.7,21.32737748,12.24374435,104,93.4,99.33,85,0.397749339516315,0.736955625235196
"104","T_092",22.34392433,13.9496808,23.01509611,13.86094951,22.83119579,14.15908641,21.32737748,12.13451249,104,107.3,99.33,103.3,0.20271998528754,1.15835987591673
"105","T_093",24.31798894,15.76851604,23.01509611,13.86094951,22.83119579,14.15908641,21.32737748,12.13451249,104,107.3,99.33,103.3,0.225748702360233,1.2186372416428
"106","T_094",22.80795424,14.99782774,23.01509611,13.86094951,22.83119579,14.15908641,21.32737748,12.13451249,104,107.3,99.33,103.3,0.135225880828568,1.22465153661268
"107","T_095",21.84224723,13.02060761,23.01509611,13.86094951,22.83119579,14.15908641,21.32737748,12.13451249,104,107.3,99.33,103.3,0.272618679055895,1.10652023595422
"108","T_096",21.9675987,14.71152847,23.01509611,13.86094951,22.83119579,14.15908641,21.32737748,12.13451249,104,107.3,99.33,103.3,0.0921026789380926,1.24041187347738
"109","T_097",22.09942235,13.73239432,23.01509611,15.09015965,22.83119579,14.7,21.32737748,12.24374435,104,93.4,99.33,85,0.214578374237085,0.929654173859411
"110","T_098",23.71217076,16.00835913,23.01509611,13.86094951,22.83119579,14.15908641,21.32737748,12.13451249,104,107.3,99.33,103.3,0.12561915107769,1.26920766008178
"111","T_099",25.02742717,16.12991412,23.01509611,13.86094951,22.83119579,14.15908641,21.32737748,12.13451249,104,107.3,99.33,103.3,0.287339801524197,1.21576328728858
"112","T_100",23.47991126,15.5533698,23.01509611,13.86094951,22.83119579,14.15908641,21.32737748,12.13451249,104,107.3,99.33,103.3,0.146589955807968,1.24041295218194
"113","T_101",23.81211406,15.9370475,23.01509611,15.09015965,22.83119579,14.7,21.32737748,12.24374435,104,93.4,99.33,85,0.152577604231242,0.747779768329434
"114","T_102",22.70289747,14.1548424,23.01509611,13.86094951,22.83119579,14.15908641,21.32737748,12.13451249,104,107.3,99.33,103.3,0.225526953448147,1.15879571965048
"115","T_103",21.84562351,13.933909,23.01509611,13.86094951,22.83119579,14.15908641,21.32737748,12.13451249,104,107.3,99.33,103.3,0.145091128038307,1.1799092883877
"116","T_104",24.61543628,15.64851594,23.01509611,13.86094951,22.83119579,14.15908641,21.32737748,12.13451249,104,107.3,99.33,103.3,0.301501490635928,1.19436193823782
"117","T_105",21.97513421,12.7928116,23.01509611,13.86094951,22.83119579,14.15908641,21.32737748,12.13451249,104,107.3,99.33,103.3,0.350051552452306,1.0832416676131
"118","T_106",23.72915365,15.64813132,23.01509611,13.86094951,22.83119579,14.15908641,21.32737748,12.13451249,104,107.3,99.33,103.3,0.163157705640076,1.23657521731938
"119","T_107",23.68278827,14.83839728,23.01509611,13.86094951,22.83119579,14.15908641,21.32737748,12.13451249,104,107.3,99.33,103.3,0.276951966976135,1.17012608013677
"120","T_108",22.70060578,13.14428127,23.01509611,13.86094951,22.83119579,14.15908641,21.32737748,12.13451249,104,107.3,99.33,103.3,0.453646744279612,1.07925241185504
"121","T_109",22.44050484,13.63329908,23.01509611,13.86094951,22.83119579,14.15908641,21.32737748,12.13451249,104,107.3,99.33,103.3,0.269904785200958,1.12854069543068
"122","T_110",21.68165139,12.76064023,23.01509611,13.86094951,22.83119579,14.15908641,21.32737748,12.13451249,104,107.3,99.33,103.3,0.292058212869874,1.09330142601312
"123","T_111",24.11327162,14.96334433,23.01509611,13.86094951,22.83119579,14.15908641,21.32737748,12.13451249,104,107.3,99.33,103.3,0.342278834910516,1.16070922250026
"124","T_112",21.71774898,13.25494553,23.01509611,15.09015965,22.83119579,14.7,21.32737748,12.24374435,104,93.4,99.33,85,0.229306953666325,0.974945734562351
"125","T_113",22.40386839,13.46238343,23.01509611,15.09015965,22.83119579,14.7,21.32737748,12.24374435,104,93.4,99.33,85,0.319532264820938,0.935712340466456
"126","T_114",22.58295148,NA,23.01509611,NA,22.83119579,NA,21.32737748,NA,104,NA,99.33,NA,NA,NA
"127","T_115",21.84548592,13.32394553,23.01509611,13.86094951,22.83119579,14.15908641,21.32737748,12.13451249,104,107.3,99.33,103.3,0.221419945346767,1.13028054144299
"128","T_116",22.42819579,13.92193677,23.01509611,13.86094951,22.83119579,14.15908641,21.32737748,12.13451249,104,107.3,99.33,103.3,0.219086989892769,1.1522829126929
"129","T_117",21.80110363,13.25301648,23.01509611,13.86094951,22.83119579,14.15908641,21.32737748,12.13451249,104,107.3,99.33,103.3,0.225531968357675,1.12660537881866
"130","T_118",24.86097567,NA,23.01509611,NA,22.83119579,NA,21.32737748,NA,104,NA,99.33,NA,NA,NA
"131","T_119",22.70271904,14.35852937,23.01509611,13.86094951,22.83119579,14.15908641,21.32737748,12.13451249,104,107.3,99.33,103.3,0.195807288196582,1.17555427791304
"132","T_120",26.31058267,16.85899832,23.01509611,13.86094951,22.83119579,14.15908641,21.32737748,12.13451249,104,107.3,99.33,103.3,0.421878961696832,1.21703305944597
"133","T_121",23.54418162,NA,23.01509611,NA,22.83119579,NA,21.32737748,NA,104,NA,99.33,NA,NA,NA
"134","T_122",25.83522889,16.92137269,22.98971002,15.09015965,22.7785978,14.7,21.51904653,12.24374435,91,93.4,87,85,0.325110656347751,0.969368853709122
"135","T_123",23.72049291,16.17023454,22.98971002,14.84826141,22.7785978,15.64713764,21.51904653,12.8753199,91,103,87,101.4,0.195735924336807,1.20469268119337
"136","T_124",22.1087466,14.52212231,22.98971002,15.09015965,22.7785978,14.7,21.51904653,12.24374435,91,93.4,87,85,0.129567055353445,0.803531309856322
"137","T_125",22.1132792,13.44425711,22.98971002,15.09015965,22.7785978,14.7,21.51904653,12.24374435,91,93.4,87,85,0.274365053693732,0.865267761751791
"138","T_126",24.63578809,17.25589847,22.98971002,14.84826141,22.7785978,15.64713764,21.51904653,12.8753199,91,103,87,101.4,0.173933980924448,1.35613336141923
"139","T_127",22.70020056,15.43105824,22.98971002,14.84826141,22.7785978,15.64713764,21.51904653,12.8753199,91,103,87,101.4,0.161081690142256,1.07052680367783
"140","T_128",22.74337974,14.35551049,22.98971002,14.84826141,22.7785978,15.64713764,21.51904653,12.8753199,91,103,87,101.4,0.349797370652125,1.04125969123211
"141","T_129",27.88311864,19.24827928,22.98971002,14.84826141,22.7785978,15.64713764,21.51904653,12.8753199,91,103,87,101.4,0.41510881109269,1.9538228216224
"142","T_130",22.55093275,14.75364287,22.98971002,14.84826141,22.7785978,15.64713764,21.51904653,12.8753199,91,103,87,101.4,0.232292097485817,1.03463605961601
"143","T_131",22.59119721,14.92273494,22.98971002,14.84826141,22.7785978,15.64713764,21.51904653,12.8753199,91,103,87,101.4,0.212448398008867,1.04377636766515
"144","T_132",26.9171498,19.24394318,22.98971002,14.84826141,22.7785978,15.64713764,21.51904653,12.8753199,91,103,87,101.4,0.213148191555938,1.78346575965175
"145","T_133",22.37814472,14.17284838,22.98971002,14.84826141,22.7785978,15.64713764,21.51904653,12.8753199,91,103,87,101.4,0.308217020857931,1.00058655762963
"146","T_134",22.27598514,14.01246762,22.98971002,14.84826141,22.7785978,15.64713764,21.51904653,12.8753199,91,103,87,101.4,0.320909770486881,0.986305616128167
"147","T_135",23.49589996,16.09929489,22.98971002,14.84826141,22.7785978,15.64713764,21.51904653,12.8753199,91,103,87,101.4,0.17596094628039,1.17697324118416
"148","T_136",26.04391823,18.40670644,22.98971002,14.84826141,22.7785978,15.64713764,21.51904653,12.8753199,91,103,87,101.4,0.207895997757542,1.60232507982903
"149","T_137",23.05850246,15.53323599,22.98971002,14.84826141,22.7785978,15.64713764,21.51904653,12.8753199,91,103,87,101.4,0.192374378394916,1.11066930907266
"150","T_138",21.95901746,14.30132284,22.98971002,14.84826141,22.7785978,15.64713764,21.51904653,12.8753199,91,103,87,101.4,0.21086867782429,0.965466147524017
"151","T_139",22.25900705,14.91998698,22.98971002,14.84826141,22.7785978,15.64713764,21.51904653,12.8753199,91,103,87,101.4,0.169075809943532,1.01150058218152
"152","T_140",24.75879273,16.99408926,22.98971002,14.84826141,22.7785978,15.64713764,21.51904653,12.8753199,91,103,87,101.4,0.22710408631486,1.36138071766566
"153","T_141",22.22106918,14.52853358,22.98971002,14.84826141,22.7785978,15.64713764,21.51904653,12.8753199,91,103,87,101.4,0.216023130325772,0.996293001200999
"154","T_142",21.99157097,14.44409004,22.98971002,14.84826141,22.7785978,15.64713764,21.51904653,12.8753199,91,103,87,101.4,0.195359460981518,0.972530278987377
"155","T_143",22.25340296,14.58059947,22.98971002,14.84826141,22.7785978,15.64713764,21.51904653,12.8753199,91,103,87,101.4,0.213088640213484,1.00087492188203
"156","T_144",22.69864672,14.6761831,22.98971002,14.84826141,22.7785978,15.64713764,21.51904653,12.8753199,91,103,87,101.4,0.271530416292754,1.0467510390009
"157","T_145",21.75148247,13.72640012,22.98971002,14.84826141,22.7785978,15.64713764,21.51904653,12.8753199,91,103,87,101.4,0.272023736480085,0.930799827616826
"158","T_146",21.80982358,14.82767014,22.98971002,14.84826141,22.7785978,15.64713764,21.51904653,12.8753199,91,103,87,101.4,0.132024313059268,0.966903462669065
"159","T_147",21.67134674,14.0830266,22.98971002,14.84826141,22.7785978,15.64713764,21.51904653,12.8753199,91,103,87,101.4,0.20096863166715,0.933581292437115
"160","T_148",21.63930829,13.90971742,22.98971002,14.84826141,22.7785978,15.64713764,21.51904653,12.8753199,91,103,87,101.4,0.221643501655688,0.926008730615681
"161","T_149",21.99413604,13.85738653,22.98971002,14.84826141,22.7785978,15.64713764,21.51904653,12.8753199,91,103,87,101.4,0.293915145835986,0.956041068376489
"162","T_150",22.62202723,14.95155107,22.98971002,14.84826141,22.7785978,15.64713764,21.51904653,12.8753199,91,103,87,101.4,0.212745166523473,1.0477076946965
"163","T_151",21.8199171,13.70624828,22.98971002,14.84826141,22.7785978,15.64713764,21.51904653,12.8753199,91,103,87,101.4,0.289250412124236,0.936268878359938
"164","T_152",21.98747544,14.08034369,22.98971002,14.84826141,22.7785978,15.64713764,21.51904653,12.8753199,91,103,87,101.4,0.250668714080836,0.961758184467895
"165","T_153",21.97365422,13.78369506,22.98971002,14.84826141,22.7785978,15.64713764,21.51904653,12.8753199,91,103,87,101.4,0.304957744672019,0.952119911894674
"166","T_154",21.88418713,13.43395096,22.98971002,14.84826141,22.7785978,15.64713764,21.51904653,12.8753199,91,103,87,101.4,0.365250529600422,0.934409955078374
"167","T_155",21.72754585,13.86935222,22.98971002,14.84826141,22.7785978,15.64713764,21.51904653,12.8753199,91,103,87,101.4,0.242308300225986,0.932633458382839
"168","T_156",21.7141691,14.14900755,22.98971002,14.84826141,22.7785978,15.64713764,21.51904653,12.8753199,91,103,87,101.4,0.197768375093665,0.939189215534931
"169","T_157",21.38940509,14.02199172,22.98971002,14.84826141,22.7785978,15.64713764,21.51904653,12.8753199,91,103,87,101.4,0.172436306349192,0.907445778503838
"170","T_158",21.587093,14.29232137,22.98971002,14.84826141,22.7785978,15.64713764,21.51904653,12.8753199,91,103,87,101.4,0.163968856837434,0.93194007734892
"171","T_159",21.88411889,14.0495456,22.98971002,14.84826141,22.7785978,15.64713764,21.51904653,12.8753199,91,103,87,101.4,0.238373437988257,0.951562214647635
"172","T_160",22.77187879,14.13570511,22.98971002,14.84826141,22.7785978,15.64713764,21.51904653,12.8753199,91,103,87,101.4,0.415492914587953,1.03730064241714
"173","T_161",22.56966276,14.65549123,22.98971002,14.84826141,22.7785978,15.64713764,21.51904653,12.8753199,91,103,87,101.4,0.251894867192862,1.03346261543843
"174","T_162",22.27625153,13.8306831,22.98971002,15.09015965,22.7785978,14.7,21.51904653,12.24374435,91,93.4,87,85,0.23499711981978,0.855789404191327
"175","T_163",22.07142009,15.15084787,22.98971002,14.84826141,22.7785978,15.64713764,21.51904653,12.8753199,91,103,87,101.4,0.126507455912444,1.0005676319654
"176","T_164",21.73515532,13.26589757,22.98971002,15.09015965,22.7785978,14.7,21.51904653,12.24374435,91,93.4,87,85,0.238887670454723,0.84518545172164
"177","T_165",22.17561264,14.1558603,22.98971002,14.84826141,22.7785978,15.64713764,21.51904653,12.8753199,91,103,87,101.4,0.271020604012371,0.981162976973948
"178","T_166",21.66158885,14.14584549,22.98971002,14.84826141,22.7785978,15.64713764,21.51904653,12.8753199,91,103,87,101.4,0.191108712991384,0.93445607363964
"179","T_167",21.55469212,14.22864617,22.98971002,14.84826141,22.7785978,15.64713764,21.51904653,12.8753199,91,103,87,101.4,0.167562131898174,0.92734958263746
"180","T_168",21.89913997,14.45533707,22.98971002,14.84826141,22.7785978,15.64713764,21.51904653,12.8753199,91,103,87,101.4,0.181812714687789,0.964409916231463
"181","T_169",21.79450279,14.21828298,22.98971002,14.84826141,22.7785978,15.64713764,21.51904653,12.8753199,91,103,87,101.4,0.199290094573922,0.948271629312556
"182","T_170",21.91735618,14.78228267,22.98971002,14.84826141,22.7785978,15.64713764,21.51904653,12.8753199,91,103,87,101.4,0.146786949276171,0.975449638135597
"183","T_171",21.99507078,14.57045911,22.98971002,14.84826141,22.7785978,15.64713764,21.51904653,12.8753199,91,103,87,101.4,0.1794101938844,0.976492039316776
"184","T_172",23.43698758,15.72574037,22.98971002,14.84826141,22.7785978,15.64713764,21.51904653,12.8753199,91,103,87,101.4,0.218843176991649,1.15759919680133
"185","T_173",24.28669185,17.11832379,22.98971002,14.84826141,22.7785978,15.64713764,21.51904653,12.8753199,91,103,87,101.4,0.150213893387086,1.30688636496883
"186","T_174",23.76525076,16.14927955,22.98971002,14.84826141,22.7785978,15.64713764,21.51904653,12.8753199,91,103,87,101.4,0.204857598383827,1.20903949295452
"187","T_175",22.24123471,14.86103241,22.98971002,14.84826141,22.7785978,15.64713764,21.51904653,12.8753199,91,103,87,101.4,0.173971682288654,1.00804842104958
"188","T_176",23.72275726,15.78725089,22.98971002,14.84826141,22.7785978,15.64713764,21.51904653,12.8753199,91,103,87,101.4,0.255647614656149,1.19138621113047
"189","T_177",21.9874374,13.47558514,22.98971002,14.84826141,22.7785978,15.64713764,21.51904653,12.8753199,91,103,87,101.4,0.381187934401768,0.944715218137999
"190","T_178",22.69525457,14.76007319,22.98971002,14.84826141,22.7785978,15.64713764,21.51904653,12.8753199,91,103,87,101.4,0.255590032451482,1.04901422842663
"191","T_179",22.85845226,14.88776635,22.98971002,14.84826141,22.7785978,15.64713764,21.51904653,12.8753199,91,103,87,101.4,0.261958105928919,1.06931326607278
"192","T_180",22.39348918,14.9051727,22.98971002,14.84826141,22.7785978,15.64713764,21.51904653,12.8753199,91,103,87,101.4,0.187509887911518,1.02396276317807
"193","T_181",21.71713059,14.42681013,22.98971002,14.84826141,22.7785978,15.64713764,21.51904653,12.8753199,91,103,87,101.4,0.163463740732551,0.947197645196581
"194","T_182",21.76350791,14.22670299,22.98971002,14.84826141,22.7785978,15.64713764,21.51904653,12.8753199,91,103,87,101.4,0.193919127777512,0.945739089634245
"195","T_183",22.78649762,16.21897674,22.98971002,14.84826141,22.7785978,15.64713764,21.51904653,12.8753199,91,103,87,101.4,0.0990460313828882,1.10470632309217
"196","T_184",22.16952069,14.67411821,22.98971002,14.84826141,22.7785978,15.64713764,21.51904653,12.8753199,91,103,87,101.4,0.188433134622274,0.995736960085541
"197","T_185",22.5280395,14.36199007,22.98971002,14.84826141,22.7785978,15.64713764,21.51904653,12.8753199,91,103,87,101.4,0.29994534148695,1.02052159683073
"198","T_186",22.1173943,13.89937035,22.98971002,14.84826141,22.7785978,15.64713764,21.51904653,12.8753199,91,103,87,101.4,0.310948173939742,0.968420537368432
"199","T_187",22.25051369,14.46053951,22.98971002,14.84826141,22.7785978,15.64713764,21.51904653,12.8753199,91,103,87,101.4,0.231117159007059,0.997057559218845
"200","T_188",22.08319955,13.62936918,22.98971002,14.84826141,22.7785978,15.64713764,21.51904653,12.8753199,91,103,87,101.4,0.366161616178031,0.957629146747818
"201","T_189",21.90677687,13.80964213,22.98971002,14.84826141,22.7785978,15.64713764,21.51904653,12.8753199,91,103,87,101.4,0.285954366369503,0.946859482763607
"202","T_190",21.89204213,14.04055605,22.98971002,14.84826141,22.7785978,15.64713764,21.51904653,12.8753199,91,103,87,101.4,0.241184346386809,0.952020526756478
"203","T_191",22.09975389,14.18319856,22.98971002,14.84826141,22.7785978,15.64713764,21.51904653,12.8753199,91,103,87,101.4,0.252311423238183,0.974956032629426
"204","T_192",22.19804069,14.29615266,22.98971002,14.84826141,22.7785978,15.64713764,21.51904653,12.8753199,91,103,87,101.4,0.249759269858497,0.987326374511763
"205","T_193",23.99531663,16.45402265,22.98971002,14.84826141,22.7785978,15.64713764,21.51904653,12.8753199,91,103,87,101.4,0.194523462247674,1.24673950366489
"206","T_194",23.4194954,15.82216461,22.98971002,14.84826141,22.7785978,15.64713764,21.51904653,12.8753199,91,103,87,101.4,0.202227750735992,1.15898971251746
"207","T_195",25.42865444,17.97638541,22.98971002,14.84826141,22.7785978,15.64713764,21.51904653,12.8753199,91,103,87,101.4,0.182882778181854,1.49288431255415
"208","T_196",22.55612291,14.88110057,22.98971002,14.84826141,22.7785978,15.64713764,21.51904653,12.8753199,91,103,87,101.4,0.213416620481083,1.03904987735955
"209","T_197",24.0448372,15.82702476,22.98971002,14.84826141,22.7785978,15.64713764,21.51904653,12.8753199,91,103,87,101.4,0.310902589928186,1.22957521787957
"210","T_198",22.13423854,14.96054024,22.98971002,14.84826141,22.7785978,15.64713764,21.51904653,12.8753199,91,103,87,101.4,0.150769906271954,1.00086703168077
"211","T_199",23.39097828,13.88217844,22.98971002,15.09015965,22.7785978,14.7,21.51904653,12.24374435,91,93.4,87,85,0.491051550003489,0.947321868624126
"212","T_200",22.72407048,14.66935278,22.98971002,14.84826141,22.7785978,15.64713764,21.51904653,12.8753199,91,103,87,101.4,0.277669341930713,1.0490520580233
"213","T_201",21.97846067,NA,22.98971002,NA,22.7785978,NA,21.51904653,NA,91,NA,87,NA,NA,NA
"214","T_202",22.39290013,14.23693393,22.98971002,14.84826141,22.7785978,15.64713764,21.51904653,12.8753199,91,103,87,101.4,0.297856283656732,1.00387977743986
"215","T_203",23.7255155,16.10391395,22.98971002,14.84826141,22.7785978,15.64713764,21.51904653,12.8753199,91,103,87,101.4,0.205658648865188,1.20290302735984
"216","T_204",23.42350363,15.59608388,22.98971002,14.84826141,22.7785978,15.64713764,21.51904653,12.8753199,91,103,87,101.4,0.237194399286364,1.15170566610185
"217","T_205",21.99678342,13.57757084,22.98971002,15.09015965,22.7785978,14.7,21.51904653,12.24374435,91,93.4,87,85,0.230743054871326,0.848058574475796
"218","T_206",22.97081406,15.45132266,22.98971002,14.84826141,22.7785978,15.64713764,21.51904653,12.8753199,91,103,87,101.4,0.191605848087876,1.09885815773055
"219","T_207",23.18632288,15.02469387,22.98971002,14.84826141,22.7785978,15.64713764,21.51904653,12.8753199,91,103,87,101.4,0.299027714985218,1.10736769102196
"220","T_208",22.56884924,15.08179253,22.98971002,15.09015965,22.7785978,14.7,21.51904653,12.24374435,91,93.4,87,85,0.120926577237757,0.807703560018107
"221","T_209",21.2768474,13.81515247,22.98971002,14.84826141,22.7785978,15.64713764,21.51904653,12.8753199,91,103,87,101.4,0.184081561280469,0.892391112525875
"222","T_210",22.25672973,14.95811141,22.98971002,14.84826141,22.7785978,15.64713764,21.51904653,12.8753199,91,103,87,101.4,0.164406634029709,1.01242363008618
"223","T_211",23.93153951,16.87543503,NA,14.84826141,23.66353024,15.64713764,22.03455775,12.8753199,93.6,103,84.8,101.4,0.0752530643133439,1.14564144286857
"224","T_212",22.29711601,14.39159075,22.98971002,14.84826141,22.7785978,15.64713764,21.51904653,12.8753199,91,103,87,101.4,0.250389741293106,0.999410449285195
"225","T_213",22.05915195,13.5434853,22.98971002,14.84826141,22.7785978,15.64713764,21.51904653,12.8753199,91,103,87,101.4,0.382197103517908,0.953037279511184
"226","T_214",21.84921236,14.02687833,22.98971002,14.84826141,22.7785978,15.64713764,21.51904653,12.8753199,91,103,87,101.4,0.236359724903276,0.947799511895944
"227","T_215",22.93679911,15.30595749,22.98971002,14.84826141,22.7785978,15.64713764,21.51904653,12.8753199,91,103,87,101.4,0.206980063803246,1.09064232196116
"228","T_216",21.99787307,14.22744392,22.98971002,14.84826141,22.7785978,15.64713764,21.51904653,12.8753199,91,103,87,101.4,0.228007194061696,0.966896797864129
"229","T_217",21.80337456,13.84720223,22.98971002,14.84826141,22.7785978,15.64713764,21.51904653,12.8753199,91,103,87,101.4,0.259336006392712,0.938712250897036
"230","T_218",22.7514056,14.26947183,22.98971002,14.84826141,22.7785978,15.64713764,21.51904653,12.8753199,91,103,87,101.4,0.373364294047628,1.03940137486
"231","T_219",22.58103462,14.45594413,22.98971002,14.84826141,22.7785978,15.64713764,21.51904653,12.8753199,91,103,87,101.4,0.291549466920345,1.02848725817508
"232","T_220",22.58658138,14.63862126,22.98971002,14.84826141,22.7785978,15.64713764,21.51904653,12.8753199,91,103,87,101.4,0.257863989303939,1.0345968947204
"233","T_221",22.17867519,17.14369439,22.98971002,15.09015965,22.7785978,14.7,21.51904653,12.24374435,91,93.4,87,85,0.0220990375587125,0.676284105068478
"234","T_222",22.24629643,14.22393647,22.98971002,14.84826141,22.7785978,15.64713764,21.51904653,12.8753199,91,103,87,101.4,0.271510907088813,0.989715042251489
"235","T_223",21.78793548,NA,22.98971002,NA,22.7785978,NA,21.51904653,NA,91,NA,87,NA,NA,NA
"236","T_224",22.37081115,14.1715597,22.98971002,14.84826141,22.7785978,15.64713764,21.51904653,12.8753199,91,103,87,101.4,0.306928293782747,0.999856670137724
"237","T_225",24.25655146,16.37112734,22.98971002,14.84826141,22.7785978,15.64713764,21.51904653,12.8753199,91,103,87,101.4,0.246925240455365,1.27470999099543
"238","T_226",23.6568881,15.85941221,22.98971002,14.84826141,22.7785978,15.64713764,21.51904653,12.8753199,91,103,87,101.4,0.232322049372697,1.18653625113552
"239","T_227",22.8820314,15.43513872,22.98971002,14.84826141,22.7785978,15.64713764,21.51904653,12.8753199,91,103,87,101.4,0.182202515205306,1.08917450163987
"240","T_228",22.69785987,15.08324603,22.98971002,14.84826141,22.7785978,15.64713764,21.51904653,12.8753199,91,103,87,101.4,0.204664947282572,1.05934331585633
"241","T_229",26.64557947,18.39831408,22.98971002,14.84826141,22.7785978,15.64713764,21.51904653,12.8753199,91,103,87,101.4,0.317314969968852,1.69545435599921
"242","T_230",21.88980265,13.51423603,22.98971002,14.84826141,22.7785978,15.64713764,21.51904653,12.8753199,91,103,87,101.4,0.34682714427776,0.937126239055564
"243","T_231",21.5623499,13.8273322,22.98971002,14.84826141,22.7785978,15.64713764,21.51904653,12.8753199,91,103,87,101.4,0.222478804107824,0.917076099649101
"244","T_232",21.81250356,13.61910799,22.98971002,14.84826141,22.7785978,15.64713764,21.51904653,12.8753199,91,103,87,101.4,0.305685000878503,0.933207670645427
"245","T_233",22.14316875,13.43146756,22.98971002,14.84826141,22.7785978,15.64713764,21.51904653,12.8753199,91,103,87,101.4,0.437824104590128,0.957443385814373
"246","T_234",22.22984637,14.5909977,22.98971002,14.84826141,22.7785978,15.64713764,21.51904653,12.8753199,91,103,87,101.4,0.208132010162537,0.99896080091804
"247","T_235",21.34119969,13.23464565,22.98971002,14.84826141,22.7785978,15.64713764,21.51904653,12.8753199,91,103,87,101.4,0.287827459365363,0.882549188862449
"248","T_236",21.99341483,14.03843251,22.98971002,14.84826141,22.7785978,15.64713764,21.51904653,12.8753199,91,103,87,101.4,0.259122180748756,0.961105664131318
"249","T_237",21.48446801,13.04522411,22.98971002,14.84826141,22.7785978,15.64713764,21.51904653,12.8753199,91,103,87,101.4,0.362478165594622,0.889560200729263
"250","T_238",21.91689228,13.6831108,22.98971002,14.84826141,22.7785978,15.64713764,21.51904653,12.8753199,91,103,87,101.4,0.314363054495741,0.944225087009914
"251","T_239",22.14372604,13.40392985,22.98971002,14.84826141,22.7785978,15.64713764,21.51904653,12.8753199,91,103,87,101.4,0.446433838846871,0.956714643563439
"252","T_240",21.84992159,13.57976892,22.98971002,14.84826141,22.7785978,15.64713764,21.51904653,12.8753199,91,103,87,101.4,0.322389077167886,0.935418351407139
"253","T_241",23.05599473,14.8378865,22.98971002,14.84826141,22.7785978,15.64713764,21.51904653,12.8753199,91,103,87,101.4,0.310966339578944,1.08781664668734
"254","T_243",21.81415874,13.91767545,22.61346624,14.9265782,22.4363686,14.79822558,NA,12.08176454,109,79.7,103.3,75.3,0.181983458899844,0.695622135344028
"255","T_244",22.8957642,14.92157165,22.61346624,15.09015965,22.4363686,14.7,NA,12.24374435,109,93.4,103.3,85,0.214874814597188,0.800572166961016
"256","T_245",21.72906498,13.61935274,22.61346624,14.9265782,22.4363686,14.79822558,NA,12.08176454,109,79.7,103.3,75.3,0.210969767936149,0.749817159944354
"257","T_246",22.96907698,15.79825375,22.61346624,14.9265782,22.4363686,14.79822558,NA,12.08176454,109,79.7,103.3,75.3,0.11004909376117,0.410992129907618
"258","T_247",23.48493634,15.13383529,22.61346624,14.9265782,22.4363686,14.79822558,NA,12.08176454,109,79.7,103.3,75.3,0.249393710987262,0.457087775689198
"259","T_248",22.66176024,14.2573719,22.61346624,14.9265782,22.4363686,14.79822558,NA,12.08176454,109,79.7,103.3,75.3,0.258777534172859,0.598654675933404
"260","T_249",21.91749171,13.49241431,22.61346624,14.9265782,22.4363686,14.79822558,NA,12.08176454,109,79.7,103.3,75.3,0.26251528654359,0.759297462653157
"261","T_250",21.90357305,13.54334216,22.61346624,14.9265782,22.4363686,14.79822558,NA,12.08176454,109,79.7,103.3,75.3,0.250976959277778,0.751474692649492
"262","T_251",22.73183077,14.88423848,22.61346624,14.9265782,22.4363686,14.79822558,NA,12.08176454,109,79.7,103.3,75.3,0.175919611697408,0.516156498330869
"263","T_252",22.74000779,14.85001304,22.61346624,14.9265782,22.4363686,14.79822558,NA,12.08176454,109,79.7,103.3,75.3,0.181166823680386,0.519814026868366
"264","T_253",21.9213252,14.27505841,22.61346624,14.9265782,22.4363686,14.79822558,NA,12.08176454,109,79.7,103.3,75.3,0.15300627540591,0.635543689920625
"265","T_254",22.76086791,14.13582175,22.61346624,15.09015965,22.4363686,14.7,NA,12.24374435,109,93.4,103.3,85,0.337374282826843,0.854572910734938
"266","T_255",21.9047453,13.86305746,22.61346624,14.9265782,22.4363686,14.79822558,NA,12.08176454,109,79.7,103.3,75.3,0.201253221216997,0.698819803796506
"267","T_256",21.98546064,13.82627606,22.61346624,14.9265782,22.4363686,14.79822558,NA,12.08176454,109,79.7,103.3,75.3,0.218329732894964,0.699791740539142
"268","T_257",22.6200148,14.52630642,22.61346624,14.9265782,22.4363686,14.79822558,NA,12.08176454,109,79.7,103.3,75.3,0.208642406490941,0.56524601026385
"269","T_258",23.13911592,15.73503974,22.61346624,14.9265782,22.4363686,14.79822558,NA,12.08176454,109,79.7,103.3,75.3,0.129360773902107,0.410864632264856
"270","T_259",23.1258146,15.69143474,22.61346624,14.9265782,22.4363686,14.79822558,NA,12.08176454,109,79.7,103.3,75.3,0.132106723614729,0.415425824020132
"271","T_260",22.4274562,NA,22.61346624,NA,22.4363686,NA,NA,NA,109,NA,103.3,NA,NA,NA
"272","T_261",22.47627254,14.08291466,22.61346624,14.9265782,22.4363686,14.79822558,NA,12.08176454,109,79.7,103.3,75.3,0.256806534902373,0.632863200642799
"273","T_262",24.15153543,17.84931657,22.61346624,14.9265782,22.4363686,14.79822558,NA,12.08176454,109,79.7,103.3,75.3,0.060271291935309,0.233057484017477
"274","T_263",22.26997614,14.93991763,22.61346624,14.9265782,22.4363686,14.79822558,NA,12.08176454,109,79.7,103.3,75.3,0.122891279565361,0.530371628296412
"275","T_264",22.01271135,14.76042628,22.61346624,14.9265782,22.4363686,14.79822558,NA,12.08176454,109,79.7,103.3,75.3,0.116441804716222,0.564801944093963
"276","T_265",22.08600129,15.26582382,22.61346624,14.9265782,22.4363686,14.79822558,NA,12.08176454,109,79.7,103.3,75.3,0.0863041299972425,0.5004382251768
"277","T_266",23.09686276,16.51801668,22.61346624,14.9265782,22.4363686,14.79822558,NA,12.08176454,109,79.7,103.3,75.3,0.0730102089987564,0.345242524877959
"278","T_267",22.76731987,14.39117411,22.61346624,14.9265782,22.4363686,14.79822558,NA,12.08176454,109,79.7,103.3,75.3,0.253760900351018,0.575493678329271
"279","T_268",22.19707229,14.17540642,22.61346624,14.9265782,22.4363686,14.79822558,NA,12.08176454,109,79.7,103.3,75.3,0.198479486092174,0.634811868259201
"280","T_269",23.52881933,15.73635409,22.61346624,14.9265782,22.4363686,14.79822558,NA,12.08176454,109,79.7,103.3,75.3,0.169324328559127,0.397176922275121
"281","T_270",22.30203741,14.39323333,22.61346624,14.9265782,22.4363686,14.79822558,NA,12.08176454,109,79.7,103.3,75.3,0.183544274924102,0.598758278954707
"282","T_271",22.32093608,13.49980105,22.61346624,14.9265782,22.4363686,14.79822558,NA,12.08176454,109,79.7,103.3,75.3,0.345445726611933,0.732123819818403
"283","T_272",22.60511069,14.63778681,22.61346624,14.9265782,22.4363686,14.79822558,NA,12.08176454,109,79.7,103.3,75.3,0.191142410132037,0.551835771846586
"284","T_273",22.04956843,13.77090277,22.61346624,14.9265782,22.4363686,14.79822558,NA,12.08176454,109,79.7,103.3,75.3,0.237181205700328,0.704735354284374
"285","T_274",23.20937039,14.42482882,22.61346624,14.9265782,22.4363686,14.79822558,NA,12.08176454,109,79.7,103.3,75.3,0.336793805755148,0.549768386517327
"286","T_275",21.94789261,14.76342424,22.61346624,14.9265782,22.4363686,14.79822558,NA,12.08176454,109,79.7,103.3,75.3,0.11109488583148,0.567579495106927
"287","T_276",22.25553905,14.06169075,22.61346624,14.9265782,22.4363686,14.79822558,NA,12.08176454,109,79.7,103.3,75.3,0.223639083055746,0.648130657277688
"288","T_277",21.76545535,13.85837862,22.61346624,14.9265782,22.4363686,14.79822558,NA,12.08176454,109,79.7,103.3,75.3,0.183324647442415,0.708010012953437
"289","T_278",22.03515498,14.09757092,22.61346624,14.9265782,22.4363686,14.79822558,NA,12.08176454,109,79.7,103.3,75.3,0.187242521052519,0.655201791596206
"290","T_279",21.74434476,13.96106161,22.61346624,14.9265782,22.4363686,14.79822558,NA,12.08176454,109,79.7,103.3,75.3,0.168250079309025,0.692964427106203
"291","T_280",22.79322663,14.1109392,22.61346624,14.9265782,22.4363686,14.79822558,NA,12.08176454,109,79.7,103.3,75.3,0.313749131368054,0.61190750032142
"292","T_281",23.61566996,14.64603677,22.61346624,14.9265782,22.4363686,14.79822558,NA,12.08176454,109,79.7,103.3,75.3,0.382897230418017,0.504864914049968
"293","T_282",22.4948847,14.13803455,22.61346624,14.9265782,22.4363686,14.79822558,NA,12.08176454,109,79.7,103.3,75.3,0.250389520875886,0.623995774595841
"294","T_283",23.00709784,15.43545886,22.61346624,14.9265782,22.4363686,14.79822558,NA,12.08176454,109,79.7,103.3,75.3,0.145292780165294,0.444796063936365
"295","T_284",23.78524451,17.81684097,22.61346624,14.9265782,22.4363686,14.79822558,NA,12.08176454,109,79.7,103.3,75.3,0.0478213769079395,0.242310503595195
"296","T_285",22.3671875,14.55950178,22.61346624,14.9265782,22.4363686,14.79822558,NA,12.08176454,109,79.7,103.3,75.3,0.171120162174021,0.573361885350691
"297","T_286",22.57771128,15.0163628,22.61346624,14.9265782,22.4363686,14.79822558,NA,12.08176454,109,79.7,103.3,75.3,0.144260118588444,0.507609568392211
"298","T_287",23.15746979,16.04332608,22.61346624,14.9265782,22.4363686,14.79822558,NA,12.08176454,109,79.7,103.3,75.3,0.105809395905693,0.38250118394698
"299","T_288",24.64344236,17.95495058,22.61346624,14.9265782,22.4363686,14.79822558,NA,12.08176454,109,79.7,103.3,75.3,0.0787753309219139,0.218093813940521
"300","T_289",22.34560016,14.77673365,22.61346624,14.9265782,22.4363686,14.79822558,NA,12.08176454,109,79.7,103.3,75.3,0.145013834819834,0.546802340650895
"301","T_290",23.15631374,15.95720409,22.61346624,14.9265782,22.4363686,14.79822558,NA,12.08176454,109,79.7,103.3,75.3,0.112228079580419,0.390088058824595
"302","T_291",23.37979814,17.65762988,22.61346624,14.9265782,22.4363686,14.79822558,NA,12.08176454,109,79.7,103.3,75.3,0.0403178970170312,0.260157053981595
"303","T_292",22.04941888,14.50401512,22.61346624,14.9265782,22.4363686,14.79822558,NA,12.08176454,109,79.7,103.3,75.3,0.142674528457937,0.596746024928227
"304","T_293",23.41033126,15.678367,22.61346624,14.9265782,22.4363686,14.79822558,NA,12.08176454,109,79.7,103.3,75.3,0.16237035955071,0.406567580105781
"305","T_294",24.0932601,15.93665287,22.61346624,14.9265782,22.4363686,14.79822558,NA,12.08176454,109,79.7,103.3,75.3,0.217940038758278,0.361510725590129
"306","T_295",22.27073174,14.80132968,22.61346624,14.9265782,22.4363686,14.79822558,NA,12.08176454,109,79.7,103.3,75.3,0.13535292782486,0.547278886291679
"307","T_296",21.9432984,13.78659417,22.61346624,14.9265782,22.4363686,14.79822558,NA,12.08176454,109,79.7,103.3,75.3,0.217954692509667,0.70869132614272
"308","T_297",22.69751221,14.75395252,22.61346624,14.9265782,22.4363686,14.79822558,NA,12.08176454,109,79.7,103.3,75.3,0.188019686300417,0.533217531633387
"309","T_298",23.9688015,16.69726019,22.61346624,14.9265782,22.4363686,14.79822558,NA,12.08176454,109,79.7,103.3,75.3,0.118006419594638,0.307487676139381
"310","T_299",24.39899526,15.79907427,22.61346624,14.9265782,22.4363686,14.79822558,NA,12.08176454,109,79.7,103.3,75.3,0.296338284923812,0.363275255309409
"311","T_300",22.29302635,14.42981574,22.61346624,14.9265782,22.4363686,14.79822558,NA,12.08176454,109,79.7,103.3,75.3,0.177834427256294,0.594270116332574
"312","T_301",21.61393179,14.27328655,22.61346624,14.9265782,22.4363686,14.79822558,NA,12.08176454,109,79.7,103.3,75.3,0.123796392560778,0.652866932089916
"313","T_302",24.92090847,17.38749357,22.61346624,14.9265782,22.4363686,14.79822558,NA,12.08176454,109,79.7,103.3,75.3,0.141493809484746,0.242201555966776
"314","T_303",22.82040828,14.79931286,22.61346624,14.9265782,22.4363686,14.79822558,NA,12.08176454,109,79.7,103.3,75.3,0.198401021664044,0.522197714320463
"315","T_304",22.40985034,14.62917603,22.61346624,14.9265782,22.4363686,14.79822558,NA,12.08176454,109,79.7,103.3,75.3,0.167946105914788,0.562297666584843
"316","T_305",21.92473738,14.05237633,22.61346624,14.9265782,22.4363686,14.79822558,NA,12.08176454,109,79.7,103.3,75.3,0.178965944783807,0.668284165777049
"317","T_306",24.51921976,16.47080839,22.61346624,14.9265782,22.4363686,14.79822558,NA,12.08176454,109,79.7,103.3,75.3,0.202193329834169,0.308704120881881
"318","T_307",21.93564662,14.54352389,22.61346624,14.9265782,22.4363686,14.79822558,NA,12.08176454,109,79.7,103.3,75.3,0.128293383227656,0.597247542576213
"319","T_308",26.2380558,19.13585936,22.61346624,14.9265782,22.4363686,14.79822558,NA,12.08176454,109,79.7,103.3,75.3,0.104936783521695,0.145409846921581
"320","T_309",21.84047278,13.44007635,22.61346624,14.9265782,22.4363686,14.79822558,NA,12.08176454,109,79.7,103.3,75.3,0.258062491322028,0.773485128058095
"321","T_310",21.86558545,14.37780246,22.61346624,14.9265782,22.4363686,14.79822558,NA,12.08176454,109,79.7,103.3,75.3,0.137088449890182,0.623888504545135
"322","T_311",22.81999758,14.75744304,22.61346624,14.9265782,22.4363686,14.79822558,NA,12.08176454,109,79.7,103.3,75.3,0.204185239070685,0.527201042020009
"323","T_312",24.24526221,15.97756246,22.61346624,14.9265782,22.4363686,14.79822558,NA,12.08176454,109,79.7,103.3,75.3,0.235385228073289,0.353509411467526
"324","T_313",23.33827672,15.50017362,22.61346624,14.9265782,22.4363686,14.79822558,NA,12.08176454,109,79.7,103.3,75.3,0.174766314122697,0.425979764098931
"325","T_314",26.47867424,19.06943556,22.61346624,14.9265782,22.4363686,14.79822558,NA,12.08176454,109,79.7,103.3,75.3,0.129824504119544,0.144588524033246
"326","T_315",22.1873126,14.45353862,22.61346624,14.9265782,22.4363686,14.79822558,NA,12.08176454,109,79.7,103.3,75.3,0.162574165106071,0.59648935107137
"327","T_316",23.13738254,14.87622315,22.61346624,14.9265782,22.4363686,14.79822558,NA,12.08176454,109,79.7,103.3,75.3,0.234320540294253,0.49933598049137
"328","T_317",22.87700199,14.96244717,22.61346624,14.9265782,22.4363686,14.79822558,NA,12.08176454,109,79.7,103.3,75.3,0.184277362563153,0.500773493883176
"329","T_318",21.84225028,13.90961929,22.61346624,14.9265782,22.4363686,14.79822558,NA,12.08176454,109,79.7,103.3,75.3,0.186600781054426,0.695209811638528
"330","T_319",22.19024201,14.18433824,22.61346624,14.9265782,22.4363686,14.79822558,NA,12.08176454,109,79.7,103.3,75.3,0.196322810149639,0.633899653715822
"331","T_320",24.43314863,15.88509594,22.61346624,14.9265782,22.4363686,14.79822558,NA,12.08176454,109,79.7,103.3,75.3,0.285873467138639,0.355206460290645
"332","T_321",22.0813746,13.30448941,22.61346624,14.9265782,22.4363686,14.79822558,NA,12.08176454,109,79.7,103.3,75.3,0.335011176021035,0.781262215844201
"333","T_322",22.03233899,13.86368779,22.61346624,14.9265782,22.4363686,14.79822558,NA,12.08176454,109,79.7,103.3,75.3,0.219767070990465,0.691079014353096
"334","T_323",21.71395785,13.29147181,22.61346624,14.9265782,22.4363686,14.79822558,NA,12.08176454,109,79.7,103.3,75.3,0.262044181417799,0.808780588896342
"335","T_324",21.85332691,14.08667966,22.61346624,14.9265782,22.4363686,14.79822558,NA,12.08176454,109,79.7,103.3,75.3,0.166321109220048,0.667196112592163
"336","T_325",22.25511729,13.95794278,22.61346624,14.9265782,22.4363686,14.79822558,NA,12.08176454,109,79.7,103.3,75.3,0.240243690961322,0.66359308020062
"337","T_326",23.22964699,15.46630119,22.61346624,14.9265782,22.4363686,14.79822558,NA,12.08176454,109,79.7,103.3,75.3,0.165940936688198,0.43330374756365
"338","T_327",23.22799219,15.14907712,22.61346624,14.9265782,22.4363686,14.79822558,NA,12.08176454,109,79.7,103.3,75.3,0.206513930821777,0.465708506711906
"339","T_328",23.09227988,16.05502299,22.61346624,15.09015965,22.4363686,14.7,NA,12.24374435,109,93.4,103.3,85,0.112237963308414,0.728509501866314
"340","T_329",24.3770143,16.5093798,22.61346624,14.9265782,22.4363686,14.79822558,NA,12.08176454,109,79.7,103.3,75.3,0.178380576898204,0.309787427158554
"341","T_330",23.93727758,16.12716772,22.61346624,14.9265782,22.4363686,14.79822558,NA,12.08176454,109,79.7,103.3,75.3,0.171407934655992,0.350901652275754
"342","T_331",23.45967803,13.85061745,22.61346624,14.9265782,22.4363686,14.79822558,NA,12.08176454,109,79.7,103.3,75.3,0.596443142121343,0.612908122413668
"343","T_332",24.54391375,16.83342891,22.61346624,15.09015965,22.4363686,14.7,NA,12.24374435,109,93.4,103.3,85,0.178978796798322,0.609569854610263
"344","T_333",24.27130151,16.47195765,22.61346624,15.09015965,22.4363686,14.7,NA,12.24374435,109,93.4,103.3,85,0.19034909422848,0.639654051361951
"345","T_334",23.35792286,15.06281709,22.61346624,14.9265782,22.4363686,14.79822558,NA,12.08176454,109,79.7,103.3,75.3,0.239899442486232,0.469625347147594
"346","T_335",23.53659766,15.0957328,22.61346624,14.9265782,22.4363686,14.79822558,NA,12.08176454,109,79.7,103.3,75.3,0.265403775680769,0.459008563202206
"347","T_336",22.79970287,14.84223989,22.61346624,14.9265782,22.4363686,14.79822558,NA,12.08176454,109,79.7,103.3,75.3,0.189840395977836,0.518059683584893
"348","T_337",21.77651335,13.26284617,22.61346624,14.9265782,22.4363686,14.79822558,NA,12.08176454,109,79.7,103.3,75.3,0.279140453028067,0.80967420730799
"349","T_338",22.10452106,13.22498238,22.61346624,14.9265782,22.4363686,14.79822558,NA,12.08176454,109,79.7,103.3,75.3,0.35971709298753,0.79389905740739
"350","T_339",22.27583017,13.78010075,22.61346624,14.9265782,22.4363686,14.79822558,NA,12.08176454,109,79.7,103.3,75.3,0.275691245346707,0.689686126978363
"351","T_340",21.73024996,12.91016997,22.61346624,14.9265782,22.4363686,14.79822558,NA,12.08176454,109,79.7,103.3,75.3,0.345193195191593,0.880633264464884
"352","T_341",21.98324408,13.11030753,22.61346624,14.9265782,22.4363686,14.79822558,NA,12.08176454,109,79.7,103.3,75.3,0.358074699300354,0.823387957975098
"353","T_342",21.86275273,13.29892741,22.61346624,14.9265782,22.4363686,14.79822558,NA,12.08176454,109,79.7,103.3,75.3,0.289015998393853,0.797126341416061
"354","T_343",22.21702395,13.28996523,22.61346624,14.9265782,22.4363686,14.79822558,NA,12.08176454,109,79.7,103.3,75.3,0.371762887345822,0.774731435059238
"355","T_344",22.72717856,13.76632557,22.61346624,14.9265782,22.4363686,14.79822558,NA,12.08176454,109,79.7,103.3,75.3,0.380574005735377,0.665451686442687
"356","T_345",23.38798088,14.03721903,22.61346624,14.9265782,22.4363686,14.79822558,NA,12.08176454,109,79.7,103.3,75.3,0.498670163093851,0.591140503392775
"357","T_346",22.04541048,13.01892992,22.61346624,14.9265782,22.4363686,14.79822558,NA,12.08176454,109,79.7,103.3,75.3,0.398285951941528,0.836146437224489
"358","T_347",21.5242743,13.02973049,22.61346624,14.9265782,22.4363686,14.79822558,NA,12.08176454,109,79.7,103.3,75.3,0.275464774736608,0.872413423867553
"359","T_348",21.70922248,12.8014916,22.61346624,14.9265782,22.4363686,14.79822558,NA,12.08176454,109,79.7,103.3,75.3,0.366815579520797,0.904256043768385
"360","T_349",21.54546981,13.11347868,22.61346624,14.9265782,22.4363686,14.79822558,NA,12.08176454,109,79.7,103.3,75.3,0.263776340037481,0.854429783612835
"361","T_350",22.0759793,13.22056849,22.61346624,14.9265782,22.4363686,14.79822558,NA,12.08176454,109,79.7,103.3,75.3,0.353751151696088,0.796651643740486
"362","T_351",22.47271633,14.45055255,22.61346624,14.9265782,22.4363686,14.79822558,NA,12.08176454,109,79.7,103.3,75.3,0.198547998129405,0.582391844866121
"363","T_352",22.02586112,13.55803525,22.61346624,14.9265782,22.4363686,14.79822558,NA,12.08176454,109,79.7,103.3,75.3,0.270410262435232,0.741121928581274
"364","T_353",22.50738499,13.48677833,22.61346624,14.9265782,22.4363686,14.79822558,NA,12.08176454,109,79.7,103.3,75.3,0.396667636462466,0.722586241215753
"365","T_354",23.02052113,13.72647382,22.61346624,14.9265782,22.4363686,14.79822558,NA,12.08176454,109,79.7,103.3,75.3,0.479447000712159,0.654733862924142
"366","T_355",22.14603806,13.40668413,22.61346624,14.9265782,22.4363686,14.79822558,NA,12.08176454,109,79.7,103.3,75.3,0.326408350196815,0.759112695953468
"367","T_356",22.68883604,13.38795506,22.61346624,14.9265782,22.4363686,14.79822558,NA,12.08176454,109,79.7,103.3,75.3,0.481723403169648,0.72750640539537
"368","T_357",22.37887787,13.05649143,22.61346624,14.9265782,22.4363686,14.79822558,NA,12.08176454,109,79.7,103.3,75.3,0.4889579754246,0.805564747618815
"369","T_358",22.1093642,13.80762884,22.61346624,14.9265782,22.4363686,14.79822558,NA,12.08176454,109,79.7,103.3,75.3,0.241004384800329,0.695294932818106
"370","T_359",22.89088182,14.23791705,22.61346624,14.9265782,22.4363686,14.79822558,NA,12.08176454,109,79.7,103.3,75.3,0.307436574071293,0.589546783497334
"371","T_360",21.60191545,12.89161869,22.61346624,14.9265782,22.4363686,14.79822558,NA,12.08176454,109,79.7,103.3,75.3,0.319899956192106,0.894182717576807
"372","T_361",21.6938624,13.28716226,22.61346624,14.9265782,22.4363686,14.79822558,NA,12.08176454,109,79.7,103.3,75.3,0.25919253627611,0.810975047932801
"373","T_362",22.61836234,14.37584271,22.61346624,14.9265782,22.4363686,14.79822558,NA,12.08176454,109,79.7,103.3,75.3,0.231312569642815,0.584960172711061
"374","T_363",21.91391988,13.22900162,22.5330763,14.04151765,22.5946164,14.51174792,21.18563928,12.40576607,98.2,91.5,93.9,86.1,0.352591091653856,0.918059418273107
"375","T_364",23.30648269,14.81749702,22.5330763,14.04151765,22.5946164,14.51174792,21.18563928,12.40576607,98.2,91.5,93.9,86.1,0.307814978270974,0.81766164159046
"376","T_365",21.77151744,13.15366312,22.5330763,14.04151765,22.5946164,14.51174792,21.18563928,12.40576607,98.2,91.5,93.9,86.1,0.33657594817162,0.921836550724699
"377","T_366",21.64516388,13.61188521,22.5330763,14.04151765,22.5946164,14.51174792,21.18563928,12.40576607,98.2,91.5,93.9,86.1,0.224444140838467,0.883038167273856
"378","T_367",22.53363923,14.01330839,22.5330763,14.04151765,22.5946164,14.51174792,21.18563928,12.40576607,98.2,91.5,93.9,86.1,0.31457599950114,0.865967826553895
"379","T_368",22.42665337,14.92173809,22.5330763,15.09015965,22.5946164,14.7,21.18563928,12.24374435,98.2,93.4,93.9,85,0.139085432671246,0.830355643637552
"380","T_369",22.60132183,14.7189812,22.5330763,15.09015965,22.5946164,14.7,21.18563928,12.24374435,98.2,93.4,93.9,85,0.180674972522307,0.844606445173968
"381","T_370",21.94845347,13.30312777,22.5330763,14.04151765,22.5946164,14.51174792,21.18563928,12.40576607,98.2,91.5,93.9,86.1,0.343046337767286,0.912606385541845
"382","T_371",22.14817647,13.69061426,22.5330763,14.04151765,22.5946164,14.51174792,21.18563928,12.40576607,98.2,91.5,93.9,86.1,0.301182923631257,0.884932643489564
"383","T_372",22.28789813,13.85320845,22.5330763,14.04151765,22.5946164,14.51174792,21.18563928,12.40576607,98.2,91.5,93.9,86.1,0.296445612581971,0.874459511141722
"384","T_373",22.20770293,13.0265318,22.5330763,14.04151765,22.5946164,14.51174792,21.18563928,12.40576607,98.2,91.5,93.9,86.1,0.497345662626983,0.939721937989737
"385","T_374",22.52362654,13.79161417,22.5330763,14.04151765,22.5946164,14.51174792,21.18563928,12.40576607,98.2,91.5,93.9,86.1,0.364290692421814,0.883030068348705
"386","T_375",21.91084889,13.6525247,22.5330763,14.04151765,22.5946164,14.51174792,21.18563928,12.40576607,98.2,91.5,93.9,86.1,0.262333482415984,0.88411245290186
"387","T_376",21.95032971,13.08290015,22.5330763,14.04151765,22.5946164,14.51174792,21.18563928,12.40576607,98.2,91.5,93.9,86.1,0.400140685060679,0.930667278195381
"388","T_377",22.23842452,13.74842661,22.5330763,14.04151765,22.5946164,14.51174792,21.18563928,12.40576607,98.2,91.5,93.9,86.1,0.308031026679268,0.881844075095021
"389","T_378",22.05061333,14.0695925,22.5330763,14.04151765,22.5946164,14.51174792,21.18563928,12.40576607,98.2,91.5,93.9,86.1,0.216459721423316,0.854122223177779
"390","T_379",22.67463399,14.74679682,22.5330763,15.09015965,22.5946164,14.7,21.18563928,12.24374435,98.2,93.4,93.9,85,0.186463495158926,0.844127200843823
"391","T_380",22.93891172,NA,NA,NA,23.66353024,NA,22.03455775,NA,93.6,NA,84.8,NA,NA,NA
"392","T_381",21.62918769,12.86474593,22.5330763,14.04151765,22.5946164,14.51174792,21.18563928,12.40576607,98.2,91.5,93.9,86.1,0.372572069666808,0.943359577468237
"393","T_382",22.05054939,13.61399941,22.5330763,14.04151765,22.5946164,14.51174792,21.18563928,12.40576607,98.2,91.5,93.9,86.1,0.296828114403253,0.88939728705257
"394","T_383",21.78358547,13.61430597,22.5330763,14.04151765,22.5946164,14.51174792,21.18563928,12.40576607,98.2,91.5,93.9,86.1,0.246631532660847,0.885070825714416
"395","T_384",21.62090366,13.71517969,22.5330763,14.04151765,22.5946164,14.51174792,21.18563928,12.40576607,98.2,91.5,93.9,86.1,0.20545205129631,0.874587186579044
"396","T_385",21.44961477,13.89775803,22.5330763,14.04151765,22.5946164,14.51174792,21.18563928,12.40576607,98.2,91.5,93.9,86.1,0.160762899708606,0.857843812632869
"397","T_386",22.32497568,14.55628307,22.5330763,14.04151765,22.5946164,14.51174792,21.18563928,12.40576607,98.2,91.5,93.9,86.1,0.186835729488001,0.822069135245326
"398","T_387",22.31920964,14.71353832,22.5330763,14.04151765,22.5946164,14.51174792,21.18563928,12.40576607,98.2,91.5,93.9,86.1,0.166872831000296,0.810580444156406
"399","T_388",22.06042158,14.89624235,22.5330763,14.04151765,22.5946164,14.51174792,21.18563928,12.40576607,98.2,91.5,93.9,86.1,0.12288058546274,0.79379095783863
"400","T_389",22.50274998,NA,22.5330763,NA,22.5946164,NA,21.18563928,NA,98.2,NA,93.9,NA,NA,NA
"401","T_390",21.58201617,14.43738266,22.5330763,14.04151765,22.5946164,14.51174792,21.18563928,12.40576607,98.2,91.5,93.9,86.1,0.121227018436639,0.819661516817641
"402","T_391",22.4650942,14.74235715,22.5330763,14.04151765,22.5946164,14.51174792,21.18563928,12.40576607,98.2,91.5,93.9,86.1,0.180978060644223,0.810653262854314
"403","T_392",21.75189438,12.90979877,22.5330763,14.04151765,22.5946164,14.51174792,21.18563928,12.40576607,98.2,91.5,93.9,86.1,0.393175486173593,0.941688240084961
"404","T_393",21.36776947,12.09476563,22.5330763,14.04151765,22.5946164,14.51174792,21.18563928,12.40576607,98.2,91.5,93.9,86.1,0.530032786849464,1.00535642959353
"405","T_394",22.71118294,14.08017636,22.5330763,14.04151765,22.5946164,14.51174792,21.18563928,12.40576607,98.2,91.5,93.9,86.1,0.339658355587671,0.863619857196112
"406","T_395",24.1049669,15.21208243,22.5330763,14.04151765,22.5946164,14.51174792,21.18563928,12.40576607,98.2,91.5,93.9,86.1,0.407263418920846,0.801031885024116
"407","T_396",23.67520186,15.39696089,22.5330763,14.04151765,22.5946164,14.51174792,21.18563928,12.40576607,98.2,91.5,93.9,86.1,0.265980178196467,0.781856746577735
"408","T_397",22.04310026,13.99434624,22.5330763,14.04151765,22.5946164,14.51174792,21.18563928,12.40576607,98.2,91.5,93.9,86.1,0.226864643519635,0.859733150897019
"409","T_398",23.995328,15.76030737,22.5330763,14.04151765,22.5946164,14.51174792,21.18563928,12.40576607,98.2,91.5,93.9,86.1,0.258130102515089,0.761438789967423
"410","T_399",24.2742236,15.74534084,22.5330763,14.04151765,22.5946164,14.51174792,21.18563928,12.40576607,98.2,91.5,93.9,86.1,0.316446261733162,0.766324059722173
"411","T_400",21.89693555,13.49468953,22.5330763,14.04151765,22.5946164,14.51174792,21.18563928,12.40576607,98.2,91.5,93.9,86.1,0.289853475595854,0.896369065772524
"412","T_401",22.21510336,13.78468132,22.5330763,14.04151765,22.5946164,14.51174792,21.18563928,12.40576607,98.2,91.5,93.9,86.1,0.295569991761288,0.8786363470922
"413","T_402",21.92877825,13.74616093,22.5330763,14.04151765,22.5946164,14.51174792,21.18563928,12.40576607,98.2,91.5,93.9,86.1,0.248922231541293,0.877074653198516
"414","T_403",22.27824286,14.01428715,22.5330763,14.04151765,22.5946164,14.51174792,21.18563928,12.40576607,98.2,91.5,93.9,86.1,0.263359495077586,0.861884955521809
"415","T_404",21.88339772,13.57446074,22.5330763,14.04151765,22.5946164,14.51174792,21.18563928,12.40576607,98.2,91.5,93.9,86.1,0.271700033772403,0.889820856629913
"416","T_405",21.41319999,13.27925832,22.5330763,14.04151765,22.5946164,14.51174792,21.18563928,12.40576607,98.2,91.5,93.9,86.1,0.240663847217878,0.905695076537724
"417","T_406",21.76318306,13.82941915,22.5330763,14.04151765,22.5946164,14.51174792,21.18563928,12.40576607,98.2,91.5,93.9,86.1,0.209484234812732,0.867997051028477
"418","T_407",21.45767691,13.73926663,22.5330763,14.04151765,22.5946164,14.51174792,21.18563928,12.40576607,98.2,91.5,93.9,86.1,0.180436104530481,0.870134215341027
"419","T_408",21.49511004,13.89316354,22.5330763,14.04151765,22.5946164,14.51174792,21.18563928,12.40576607,98.2,91.5,93.9,86.1,0.166442546338963,0.858903482380805
"420","T_409",21.82942793,14.59573487,22.5330763,14.04151765,22.5946164,14.51174792,21.18563928,12.40576607,98.2,91.5,93.9,86.1,0.128946340043853,0.811852628426823
"421","T_410",21.77038096,14.29998482,22.5330763,14.04151765,22.5946164,14.51174792,21.18563928,12.40576607,98.2,91.5,93.9,86.1,0.151937069960648,0.832570697417163
"422","T_411",22.28296476,13.85223468,22.5330763,14.04151765,22.5946164,14.51174792,21.18563928,12.40576607,98.2,91.5,93.9,86.1,0.295633107734143,0.874456792961308
"423","T_412",21.54293435,13.73441654,22.5330763,14.04151765,22.5946164,14.51174792,21.18563928,12.40576607,98.2,91.5,93.9,86.1,0.192065124371124,0.87185831095917
"424","T_413",23.08104475,15.72760531,22.5330763,14.04151765,22.5946164,14.51174792,21.18563928,12.40576607,98.2,91.5,93.9,86.1,0.140105850909261,0.751076670538787
"425","T_414",23.17542261,15.57157097,22.5330763,14.04151765,22.5946164,14.51174792,21.18563928,12.40576607,98.2,91.5,93.9,86.1,0.166662485969669,0.76286626011994
"426","T_415",21.94753876,13.68549543,22.5330763,14.04151765,22.5946164,14.51174792,21.18563928,12.40576607,98.2,91.5,93.9,86.1,0.263010627327037,0.882114501142667
"427","T_416",22.24882419,13.44551498,22.5330763,14.04151765,22.5946164,14.51174792,21.18563928,12.40576607,98.2,91.5,93.9,86.1,0.382745913616883,0.906066009730382
"428","T_417",21.90480487,13.08215054,22.5330763,14.04151765,22.5946164,14.51174792,21.18563928,12.40576607,98.2,91.5,93.9,86.1,0.387912722957794,0.929959939311331
"429","T_418",21.02189226,13.05701677,22.5330763,14.04151765,22.5946164,14.51174792,21.18563928,12.40576607,98.2,91.5,93.9,86.1,0.214050804060841,0.91721047705724
"430","T_419",21.80275651,13.88610079,22.5330763,14.04151765,22.5946164,14.51174792,21.18563928,12.40576607,98.2,91.5,93.9,86.1,0.207014738533807,0.864258599786238
"431","T_420",22.65750524,15.41749193,22.5330763,14.04151765,22.5946164,14.51174792,21.18563928,12.40576607,98.2,91.5,93.9,86.1,0.129512475529972,0.766138012531728
"432","T_421",22.26222215,14.36242007,22.5330763,14.04151765,22.5946164,14.51174792,21.18563928,12.40576607,98.2,91.5,93.9,86.1,0.204610452219392,0.835395888088908
"433","T_422",21.90018139,14.22997805,22.5330763,14.04151765,22.5946164,14.51174792,21.18563928,12.40576607,98.2,91.5,93.9,86.1,0.17450653992804,0.839741929305427
"434","T_423",22.24796128,14.70731403,22.5330763,14.04151765,22.5946164,14.51174792,21.18563928,12.40576607,98.2,91.5,93.9,86.1,0.159518639988757,0.809979830608995
"435","T_424",22.47241111,14.56382254,22.5330763,14.04151765,22.5946164,14.51174792,21.18563928,12.40576607,98.2,91.5,93.9,86.1,0.205860399986588,0.8237217330011
"436","T_425",22.45573272,14.18565029,22.5330763,14.04151765,22.5946164,14.51174792,21.18563928,12.40576607,98.2,91.5,93.9,86.1,0.264480286928027,0.851605442898528
"437","T_426",21.88291303,13.57412778,22.5330763,14.04151765,22.5946164,14.51174792,21.18563928,12.40576607,98.2,91.5,93.9,86.1,0.271671460250496,0.889839341378433
"438","T_427",21.97263069,14.04083387,22.5330763,14.04151765,22.5946164,14.51174792,21.18563928,12.40576607,98.2,91.5,93.9,86.1,0.209198801279472,0.85509492968791
"439","T_428",21.67714734,14.24906408,22.5330763,15.09015965,22.5946164,14.7,21.18563928,12.24374435,98.2,93.4,93.9,85,0.131872094244339,0.857627187297596
"440","T_429",21.69338244,13.44284786,22.5330763,14.04151765,22.5946164,14.51174792,21.18563928,12.40576607,98.2,91.5,93.9,86.1,0.260920870145335,0.897183182178844
"441","T_430",21.68362345,13.40100617,22.5330763,14.04151765,22.5946164,14.51174792,21.18563928,12.40576607,98.2,91.5,93.9,86.1,0.266788234604332,0.900364466191206
"442","T_431",21.55456699,13.87099406,22.5330763,14.04151765,22.5946164,14.51174792,21.18563928,12.40576607,98.2,91.5,93.9,86.1,0.176131224795966,0.861526547851139
"443","T_432",22.87653746,14.251872,22.5330763,14.04151765,22.5946164,14.51174792,21.18563928,12.40576607,98.2,91.5,93.9,86.1,0.338168721329395,0.853106381662109
"444","T_433",21.7670786,13.34563753,22.5330763,14.04151765,22.5946164,14.51174792,21.18563928,12.40576607,98.2,91.5,93.9,86.1,0.293735744088335,0.906176395552376
"445","T_434",22.58683196,14.84029149,22.5330763,14.04151765,22.5946164,14.51174792,21.18563928,12.40576607,98.2,91.5,93.9,86.1,0.183988836664968,0.805410459287946
"446","T_435",21.80433408,13.84676981,22.5330763,14.04151765,22.5946164,14.51174792,21.18563928,12.40576607,98.2,91.5,93.9,86.1,0.212968791771593,0.867308295992889
"447","T_436",22.06282966,14.34983606,22.5330763,14.04151765,22.5946164,14.51174792,21.18563928,12.40576607,98.2,91.5,93.9,86.1,0.179759917172938,0.833306751529049
"448","T_437",22.06120158,13.86120754,22.5330763,14.04151765,22.5946164,14.51174792,21.18563928,12.40576607,98.2,91.5,93.9,86.1,0.251938534999756,0.870247553651237
"449","T_438",21.91189297,13.45752277,22.5330763,14.04151765,22.5946164,14.51174792,21.18563928,12.40576607,98.2,91.5,93.9,86.1,0.300517283201619,0.899577749912922
"450","T_439",23.70997999,15.72056195,22.5330763,14.04151765,22.5946164,14.51174792,21.18563928,12.40576607,98.2,91.5,93.9,86.1,0.217723299521555,0.760181613040581
"451","T_440",21.4051567,13.24879464,22.5330763,14.04151765,22.5946164,14.51174792,21.18563928,12.40576607,98.2,91.5,93.9,86.1,0.244433127686482,0.908016651297109
"452","T_441",22.11064522,13.27090793,22.5330763,14.04151765,22.5946164,14.51174792,21.18563928,12.40576607,98.2,91.5,93.9,86.1,0.392533301829778,0.917922385106432
"453","T_442",22.28538052,13.88964323,22.5330763,14.04151765,22.5946164,14.51174792,21.18563928,12.40576607,98.2,91.5,93.9,86.1,0.288548744730559,0.871593999364949
"454","T_443",23.76305551,15.2242562,22.5330763,14.04151765,22.5946164,14.51174792,21.18563928,12.40576607,98.2,91.5,93.9,86.1,0.318628888520933,0.795212101641316
"455","T_444",22.57442557,14.42365475,22.5330763,14.04151765,22.5946164,14.51174792,21.18563928,12.40576607,98.2,91.5,93.9,86.1,0.243487647642568,0.83558913985042
"456","T_445",22.656574,14.74898816,22.5330763,14.04151765,22.5946164,14.51174792,21.18563928,12.40576607,98.2,91.5,93.9,86.1,0.20571736859479,0.812998620520685
"457","T_446",24.11844029,15.92872443,NA,14.04151765,23.66353024,14.51174792,22.03455775,12.40576607,93.6,91.5,84.8,86.1,0.11924095085623,0.753624529798611
"458","T_447",21.97440834,14.41111845,22.5330763,14.04151765,22.5946164,14.51174792,21.18563928,12.40576607,98.2,91.5,93.9,86.1,0.162041984073968,0.827452705523852
"459","T_448",22.03507529,13.89498264,22.5330763,14.04151765,22.5946164,14.51174792,21.18563928,12.40576607,98.2,91.5,93.9,86.1,0.241692116292758,0.867228830217708
"460","T_449",21.80197374,13.66494927,22.5330763,14.04151765,22.5946164,14.51174792,21.18563928,12.40576607,98.2,91.5,93.9,86.1,0.241178655774404,0.881392434663187
"461","T_450",22.10086771,14.38539607,22.5330763,15.09015965,22.5946164,14.7,21.18563928,12.24374435,98.2,93.4,93.9,85,0.160940529562052,0.856245681055232
"462","T_451",22.2232124,14.20648254,22.5330763,14.04151765,22.5946164,14.51174792,21.18563928,12.40576607,98.2,91.5,93.9,86.1,0.2218843054408,0.84644842982002
"463","T_452",23.3925003,16.00975022,22.5330763,14.04151765,22.5946164,14.51174792,21.18563928,12.40576607,98.2,91.5,93.9,86.1,0.142981435810564,0.736641787377111
"464","T_453",22.69419751,14.33524771,22.5330763,14.04151765,22.5946164,14.51174792,21.18563928,12.40576607,98.2,91.5,93.9,86.1,0.281284014291039,0.844011290126329
"465","T_454",23.13433763,15.14208968,22.5330763,15.09015965,22.5946164,14.7,21.18563928,12.24374435,98.2,93.4,93.9,85,0.194977006078817,0.828538330154336
"466","T_455",22.439867,13.80815715,22.5330763,14.04151765,22.5946164,14.51174792,21.18563928,12.40576607,98.2,91.5,93.9,86.1,0.339823969078901,0.880392925174392
"467","T_456",22.04788152,13.50041862,22.5330763,14.04151765,22.5946164,14.51174792,21.18563928,12.40576607,98.2,91.5,93.9,86.1,0.320548057228576,0.898372765105002
"468","T_457",22.76519399,15.37130657,22.5330763,15.09015965,22.5946164,14.7,21.18563928,12.24374435,98.2,93.4,93.9,85,0.128783116208301,0.810221220860205
"469","T_458",22.27852037,14.1298377,22.5330763,14.04151765,22.5946164,14.51174792,21.18563928,12.40576607,98.2,91.5,93.9,86.1,0.243135479693989,0.853087690412885
"470","T_459",24.44565948,15.90630985,22.5330763,14.04151765,22.5946164,14.51174792,21.18563928,12.40576607,98.2,91.5,93.9,86.1,0.318750453572917,0.757800393997575
"471","T_460",24.34245509,16.06855287,22.5330763,14.04151765,22.5946164,14.51174792,21.18563928,12.40576607,98.2,91.5,93.9,86.1,0.265181473060553,0.745558179906131
"472","T_461",22.88789444,14.2641941,22.5330763,15.09015965,22.5946164,14.7,21.18563928,12.24374435,98.2,93.4,93.9,85,0.302043509398233,0.87579181269979
"473","T_462",22.64081599,15.00135314,22.5330763,14.04151765,22.5946164,14.51174792,21.18563928,12.40576607,98.2,91.5,93.9,86.1,0.170827544354567,0.794748170072506
"474","T_463",22.77110686,14.33186287,22.5330763,14.04151765,22.5946164,14.51174792,21.18563928,12.40576607,98.2,91.5,93.9,86.1,0.297382912866905,0.845445350095932
"475","T_464",25.13046427,17.22657164,22.5330763,14.04151765,22.5946164,14.51174792,21.18563928,12.40576607,98.2,91.5,93.9,86.1,0.205191418352614,0.682374300757338
"476","T_465",23.17744708,15.1528245,22.5330763,14.04151765,22.5946164,14.51174792,21.18563928,12.40576607,98.2,91.5,93.9,86.1,0.223101520329402,0.791806674270782
"477","T_466",23.97318443,15.30111932,22.5330763,14.04151765,22.5946164,14.51174792,21.18563928,12.40576607,98.2,91.5,93.9,86.1,0.349463765211792,0.792821264659457
"478","T_467",23.9397728,15.67479717,22.5330763,14.04151765,22.5946164,14.51174792,21.18563928,12.40576607,98.2,91.5,93.9,86.1,0.263545744130214,0.76647084423729
"479","T_468",21.878112,13.5740481,22.5330763,14.04151765,22.5946164,14.51174792,21.18563928,12.40576607,98.2,91.5,93.9,86.1,0.270783844020985,0.889768043457999
"480","T_469",22.36472333,14.29514409,22.5330763,15.09015965,22.5946164,14.7,21.18563928,12.24374435,98.2,93.4,93.9,85,0.20571333041726,0.865677391345595
"481","T_470",22.96642439,14.68341045,22.5330763,15.09015965,22.5946164,14.7,21.18563928,12.24374435,98.2,93.4,93.9,85,0.238513344426656,0.852293725160606
"482","T_471",22.31309444,13.94166516,22.5330763,14.04151765,22.5946164,14.51174792,21.18563928,12.40576607,98.2,91.5,93.9,86.1,0.283727707628156,0.868012349482956
"483","T_472",22.79052222,13.69662718,22.5330763,14.04151765,22.5946164,14.51174792,21.18563928,12.40576607,98.2,91.5,93.9,86.1,0.468150631766296,0.894840014380736
"484","T_473",21.88127513,13.55069495,22.5330763,14.04151765,22.5946164,14.51174792,21.18563928,12.40576607,98.2,91.5,93.9,86.1,0.275806784330912,0.891667002313423
"485","T_474",22.50812567,14.40968282,22.5330763,14.04151765,22.5946164,14.51174792,21.18563928,12.40576607,98.2,91.5,93.9,86.1,0.234814356121376,0.835619951985509
"486","T_475",23.90330104,16.13700245,22.5330763,14.04151765,22.5946164,14.51174792,21.18563928,12.40576607,98.2,91.5,93.9,86.1,0.186525949840499,0.735151008669598
"487","T_476",21.78740723,13.45503618,22.5330763,14.04151765,22.5946164,14.51174792,21.18563928,12.40576607,98.2,91.5,93.9,86.1,0.276149365942373,0.897744240812447
"488","T_477",23.19417258,14.83711636,22.5330763,14.04151765,22.5946164,14.51174792,21.18563928,12.40576607,98.2,91.5,93.9,86.1,0.280915062868346,0.814574427992973
"489","T_478",22.72819325,14.0071576,22.5330763,14.04151765,22.5946164,14.51174792,21.18563928,12.40576607,98.2,91.5,93.9,86.1,0.361529510578454,0.869508415008108
"490","T_479",23.62873287,15.27987652,22.5330763,14.04151765,22.5946164,14.51174792,21.18563928,12.40576607,98.2,91.5,93.9,86.1,0.279322950059353,0.789364523061174
"491","T_480",21.94180915,13.19036914,22.5330763,14.04151765,22.5946164,14.51174792,21.18563928,12.40576607,98.2,91.5,93.9,86.1,0.369229487607858,0.921682186736111
"492","T_481",22.30169007,14.58102187,22.5330763,14.04151765,22.5946164,14.51174792,21.18563928,12.40576607,98.2,91.5,93.9,86.1,0.180718720923386,0.819917693050328
"493","T_482",22.05008266,13.84926856,22.5330763,14.04151765,22.5946164,14.51174792,21.18563928,12.40576607,98.2,91.5,93.9,86.1,0.25208178318433,0.870995060655991
"494","T_483",22.58515092,14.05740653,22.91995991,15.09015965,22.35373132,14.7,NA,12.24374435,108.9,93.4,104.1,85,0.333962361228259,0.866264014588583
"495","T_484",24.2262295,16.2524343,22.91995991,15.09015965,22.35373132,14.7,NA,12.24374435,108.9,93.4,104.1,85,0.227479466339979,0.64832860456759
"496","T_485",23.40833155,15.33295612,22.91995991,15.09015965,22.35373132,14.7,NA,12.24374435,108.9,93.4,104.1,85,0.244073650606944,0.740194085450161
"497","T_486",24.55755221,15.82287922,22.91995991,15.09015965,22.35373132,14.7,NA,12.24374435,108.9,93.4,104.1,85,0.385468805968806,0.649029826958663
"498","T_487",24.07450695,NA,22.91995991,NA,22.35373132,NA,NA,NA,108.9,NA,104.1,NA,NA,NA
"499","T_488",22.53476086,14.36994271,22.91995991,15.09015965,22.35373132,14.7,NA,12.24374435,108.9,93.4,104.1,85,0.259684386530766,0.851625068406832
"500","T_489",22.90051752,14.21383912,22.91995991,15.09015965,22.35373132,14.7,NA,12.24374435,108.9,93.4,104.1,85,0.372856249998988,0.834322973532615
"501","T_490",23.47643331,15.4029461,22.91995991,15.09015965,22.35373132,14.7,NA,12.24374435,108.9,93.4,104.1,85,0.243754412463174,0.732400319703893
"502","T_491",23.53719399,16.0518903,22.91995991,15.09015965,22.35373132,14.7,NA,12.24374435,108.9,93.4,104.1,85,0.162140535715944,0.697036408585882
"503","T_492",22.66771464,14.64154602,22.91995991,15.09015965,22.35373132,14.7,NA,12.24374435,108.9,93.4,104.1,85,0.235889261714762,0.826554612354324
"504","T_493",23.10590123,15.1529655,22.91995991,15.09015965,22.35373132,14.7,NA,12.24374435,108.9,93.4,104.1,85,0.22421407639378,0.768920160957584
"505","T_494",23.77844289,15.0190803,22.91995991,15.09015965,22.35373132,14.7,NA,12.24374435,108.9,93.4,104.1,85,0.392122306690362,0.732737757235451
"506","T_495",22.33045833,13.97958649,22.91995991,15.09015965,22.35373132,14.7,NA,12.24374435,108.9,93.4,104.1,85,0.295429309932764,0.889997133049133
"507","T_496",22.50264713,14.0867387,22.91995991,15.09015965,22.35373132,14.7,NA,12.24374435,108.9,93.4,104.1,85,0.309051990050051,0.870633600069944
"508","T_497",23.66969758,15.27025707,22.91995991,15.09015965,22.35373132,14.7,NA,12.24374435,108.9,93.4,104.1,85,0.305544314279325,0.726987599979193
"509","T_498",22.62812706,13.91105313,22.91995991,15.09015965,22.35373132,14.7,NA,12.24374435,108.9,93.4,104.1,85,0.380795137071772,0.871763725617417
"510","T_499",22.72298565,14.99052786,22.91995991,15.09015965,22.35373132,14.7,NA,12.24374435,108.9,93.4,104.1,85,0.192438694171035,0.803297811320025
"511","T_500",22.89180884,14.05983843,22.91995991,15.09015965,22.35373132,14.7,NA,12.24374435,108.9,93.4,104.1,85,0.412362040973049,0.843768421731932
"512","T_501",22.29663447,NA,22.91995991,NA,22.35373132,NA,NA,NA,108.9,NA,104.1,NA,NA,NA
"513","T_502",22.15889974,NA,22.91995991,NA,22.35373132,NA,NA,NA,108.9,NA,104.1,NA,NA,NA
"514","T_503",22.7414787,14.78351088,22.91995991,15.09015965,22.35373132,14.7,NA,12.24374435,108.9,93.4,104.1,85,0.224997495863881,0.813449366699649
"515","T_504",22.41289173,14.0329248,22.91995991,15.09015965,22.35373132,14.7,NA,12.24374435,108.9,93.4,104.1,85,0.301447769582269,0.880551226071558
"516","T_505",22.85140835,15.10922149,22.91995991,15.09015965,22.35373132,14.7,NA,12.24374435,108.9,93.4,104.1,85,0.193740824289482,0.788137018227868
"517","T_506",22.58332446,14.10755444,22.91995991,15.09015965,22.35373132,14.7,NA,12.24374435,108.9,93.4,104.1,85,0.32214521033573,0.863437410415194
"518","T_507",23.22419887,13.60090786,22.91995991,15.09015965,22.35373132,14.7,NA,12.24374435,108.9,93.4,104.1,85,0.713657636411605,0.846299909998834
"519","T_508",22.33640107,14.08402093,22.91995991,15.09015965,22.35373132,14.7,NA,12.24374435,108.9,93.4,104.1,85,0.275933623486276,0.883225813064885
"520","T_509",24.45044426,15.54722618,22.91995991,15.09015965,22.35373132,14.7,NA,12.24374435,108.9,93.4,104.1,85,0.433237824414399,0.667428288207549
"521","T_510",22.31526289,13.88123588,22.91995991,15.09015965,22.35373132,14.7,NA,12.24374435,108.9,93.4,104.1,85,0.312957800252677,0.897155379103737
"522","T_511",23.16182918,14.63926054,22.91995991,15.09015965,22.35373132,14.7,NA,12.24374435,108.9,93.4,104.1,85,0.332766398955722,0.792580369384897
"523","T_512",22.68299424,13.92978096,22.91995991,15.09015965,22.35373132,14.7,NA,12.24374435,108.9,93.4,104.1,85,0.390454490588164,0.866586341884943
"524","T_513",23.15234177,15.41178731,22.91995991,15.09015965,22.35373132,14.7,NA,12.24374435,108.9,93.4,104.1,85,0.19352173178858,0.752465821661212
"525","T_514",22.64624218,14.36936866,22.91995991,15.09015965,22.35373132,14.7,NA,12.24374435,108.9,93.4,104.1,85,0.280658284371397,0.843601886575307
"526","T_515",22.41910874,13.85057153,22.91995991,15.09015965,22.35373132,14.7,NA,12.24374435,108.9,93.4,104.1,85,0.343540058626635,0.891110923701022
"527","T_516",22.23386099,14.31553656,22.91995991,15.09015965,22.35373132,14.7,NA,12.24374435,108.9,93.4,104.1,85,0.218899028986592,0.877007754345135
"528","T_517",22.63997212,NA,22.91995991,NA,22.35373132,NA,NA,NA,108.9,NA,104.1,NA,NA,NA
"529","T_518",22.04997203,13.48918314,22.91995991,15.09015965,22.35373132,14.7,NA,12.24374435,108.9,93.4,104.1,85,0.341699944842794,0.942576074614112
"530","T_519",22.91866734,14.28038114,22.91995991,15.09015965,22.35373132,14.7,NA,12.24374435,108.9,93.4,104.1,85,0.360556993391517,0.829256671501362
"531","T_520",23.03220293,13.60236842,22.91995991,15.09015965,22.35373132,14.7,NA,12.24374435,108.9,93.4,104.1,85,0.624099317885428,0.860181676661816
"532","T_521",22.61686533,14.09947477,22.91995991,15.09015965,22.35373132,14.7,NA,12.24374435,108.9,93.4,104.1,85,0.331574184074616,0.861446878580124
"533","T_522",23.1982447,14.25461265,22.91995991,15.09015965,22.35373132,14.7,NA,12.24374435,108.9,93.4,104.1,85,0.445545624984774,0.811149553625088
"534","T_523",24.42380962,NA,22.91995991,NA,22.35373132,NA,NA,NA,108.9,NA,104.1,NA,NA,NA
"535","T_524",22.81961225,13.12710705,22.91995991,15.09015965,22.35373132,14.7,NA,12.24374435,108.9,93.4,104.1,85,0.748730396290809,0.904804920015439
"536","T_525",22.88256864,13.94995091,22.91995991,15.09015965,22.35373132,14.7,NA,12.24374435,108.9,93.4,104.1,85,0.442157038543001,0.850793025404173
"537","T_526",22.28595547,13.91081485,22.91995991,15.09015965,22.35373132,14.7,NA,12.24374435,108.9,93.4,104.1,85,0.300441008265447,0.897585334605304
"538","T_527",23.23236106,14.34514918,22.91995991,15.09015965,22.35373132,14.7,NA,12.24374435,108.9,93.4,104.1,85,0.428457766915415,0.803809225023038
"539","T_528",23.05039672,14.73451205,22.91995991,15.09015965,22.35373132,14.7,NA,12.24374435,108.9,93.4,104.1,85,0.288350953874797,0.794959336707389
"540","T_529",22.32154828,NA,22.91995991,NA,22.35373132,NA,NA,NA,108.9,NA,104.1,NA,NA,NA
"541","T_530",24.14119649,14.5630944,22.91995991,15.09015965,22.35373132,14.7,NA,12.24374435,108.9,93.4,104.1,85,0.691650502626972,0.732888623921783
"542","T_531",22.15634848,13.33240324,22.91995991,15.09015965,22.35373132,14.7,NA,12.24374435,108.9,93.4,104.1,85,0.410074594006124,0.94411855117671
"543","T_532",22.09215648,12.8242191,22.91995991,15.09015965,22.35373132,14.7,NA,12.24374435,108.9,93.4,104.1,85,0.557850485744076,0.982817027509755
"544","T_533",22.77071338,14.03800083,22.91995991,15.09015965,22.35373132,14.7,NA,12.24374435,108.9,93.4,104.1,85,0.384945358369307,0.853797205366816
"545","T_534",22.38700092,12.97621723,22.91995991,15.09015965,22.35373132,14.7,NA,12.24374435,108.9,93.4,104.1,85,0.615912246750571,0.948523266585477
"546","T_535",22.15085502,12.83628836,22.91995991,15.09015965,22.35373132,14.7,NA,12.24374435,108.9,93.4,104.1,85,0.576175287942932,0.977105141135638
"547","T_536",22.18743137,13.21671698,22.91995991,15.09015965,22.35373132,14.7,NA,12.24374435,108.9,93.4,104.1,85,0.453988425065495,0.949087069901449
"548","T_537",22.36091469,13.37716558,22.91995991,15.09015965,22.35373132,14.7,NA,12.24374435,108.9,93.4,104.1,85,0.458108786804431,0.924963371460516
"549","T_538",23.80152487,14.20450693,22.91995991,15.09015965,22.35373132,14.7,NA,12.24374435,108.9,93.4,104.1,85,0.700778767834263,0.773122903082608
"550","T_539",22.27352102,14.63949433,22.91995991,15.09015965,22.35373132,14.7,NA,12.24374435,108.9,93.4,104.1,85,0.179747015297702,0.854926042567401
"551","T_540",21.55196384,13.43854581,22.91995991,15.09015965,22.35373132,14.7,NA,12.24374435,108.9,93.4,104.1,85,0.250595264949116,0.986865926301172
"552","T_541",22.83132708,13.68059852,22.91995991,15.09015965,22.35373132,14.7,NA,12.24374435,108.9,93.4,104.1,85,0.514321222452036,0.870379046113933
"553","T_542",22.34615306,12.83213346,22.91995991,15.09015965,22.35373132,14.7,NA,12.24374435,108.9,93.4,104.1,85,0.661600683467178,0.961242649430714
"554","T_543",22.51956242,12.925408,22.91995991,15.09015965,22.35373132,14.7,NA,12.24374435,108.9,93.4,104.1,85,0.699389213012698,0.941122527948325
"555","T_544",22.12732653,12.78359233,22.91995991,15.09015965,22.35373132,14.7,NA,12.24374435,108.9,93.4,104.1,85,0.587942604570919,0.982596268146625
"556","T_545",21.92964623,13.02351379,22.91995991,15.09015965,22.35373132,14.7,NA,12.24374435,108.9,93.4,104.1,85,0.434113884217173,0.983060784713251
"557","T_546",22.88230871,12.83933802,22.91995991,15.09015965,22.35373132,14.7,NA,12.24374435,108.9,93.4,104.1,85,0.954610241840663,0.917839379867411
"558","T_547",23.19792723,13.00859369,22.91995991,15.09015965,22.35373132,14.7,NA,12.24374435,108.9,93.4,104.1,85,1.05653940100961,0.883204032367139
"559","T_548",23.05014607,14.40670613,NA,NA,23.66353024,14.61,22.03455775,12.83387046,93.6,91,84.8,79.2,0.219726405442765,0.827865722536591
"560","T_549",22.93847663,14.99360743,NA,NA,23.66353024,14.61,22.03455775,12.83387046,93.6,91,84.8,79.2,0.135391532547957,0.77752369174872
"561","T_550",22.4584661,13.92135989,NA,NA,23.66353024,14.61,22.03455775,12.83387046,93.6,91,84.8,79.2,0.204113913121771,0.833380822609714
"562","T_551",24.25134797,16.46017229,NA,NA,23.66353024,14.61,22.03455775,12.83387046,93.6,91,84.8,79.2,0.121709686719405,0.738509848721217
"563","T_552",23.14483103,14.902719,NA,NA,23.66353024,14.61,22.03455775,12.83387046,93.6,91,84.8,79.2,0.166368274391651,0.794993631668988
"564","T_553",21.83780938,NA,22.91995991,NA,22.35373132,NA,NA,NA,108.9,NA,104.1,NA,NA,NA
"565","T_554",24.3649267,15.86589428,22.91995991,NA,22.35373132,14.61,NA,12.83387046,108.9,91,104.1,79.2,0.492833270909248,0.632910389968053
"566","T_555",23.31095998,14.80955395,22.91995991,NA,22.35373132,14.61,NA,12.83387046,108.9,91,104.1,79.2,0.493644777695644,0.764952744821371
"567","T_556",23.04735669,14.60090506,22.91995991,NA,22.35373132,14.61,NA,12.83387046,108.9,91,104.1,79.2,0.475194739361818,0.797886737485185
"568","T_557",22.31806942,NA,22.91995991,NA,22.35373132,NA,NA,NA,108.9,NA,104.1,NA,NA,NA
"569","T_558",23.36317216,NA,22.91995991,NA,22.35373132,NA,NA,NA,108.9,NA,104.1,NA,NA,NA
"570","T_559",24.93074674,15.3449151,22.91995991,NA,22.35373132,14.61,NA,12.83387046,108.9,91,104.1,79.2,1.04678908034442,0.633475306950188
"571","T_560",24.52136767,16.65836954,22.91995991,NA,22.35373132,14.61,NA,12.83387046,108.9,91,104.1,79.2,0.317128022592506,0.579549939050071
"572","T_561",24.17807227,NA,22.91995991,NA,22.35373132,NA,NA,NA,108.9,NA,104.1,NA,NA,NA
"573","T_562",22.59896643,14.62670182,22.91995991,NA,22.35373132,14.61,NA,12.83387046,108.9,91,104.1,79.2,0.342079546338188,0.826965872903133
"574","T_563",23.18815549,15.45286525,22.91995991,NA,22.35373132,14.61,NA,12.83387046,108.9,91,104.1,79.2,0.29026235464999,0.727499437815101
"575","T_564",22.73487483,15.53931362,22.91995991,NA,22.35373132,14.61,NA,12.83387046,108.9,91,104.1,79.2,0.199671502723944,0.750025240606633
"576","T_565",23.33368956,15.69464539,22.91995991,NA,22.35373132,14.61,NA,12.83387046,108.9,91,104.1,79.2,0.271529962705726,0.702329428204222
"577","T_566",23.55504042,14.95381132,22.91995991,NA,22.35373132,14.61,NA,12.83387046,108.9,91,104.1,79.2,0.52901049160605,0.739074545718395
